Workbook

Sheet HUONG_DAN
B1: HƯỚNG DẪN SỬ DỤNG
B2: Header xanh dương = cột nhập tay. Header xanh lá = cột công thức tự động, KHÔNG nhập/ghi đè.
B3: Ô vàng chữ xanh dương ở DANH_MUC = cấu hình, sửa được (KPI, link form, điều kiện bắt buộc).
B4: Thêm nguồn mới: thêm 1 dòng ở MASTER_SOURCE TRƯỚC khi phát link/QR. Link tự sinh ở cột Link/QR.
B5: Đăng ký không có REF: chọn NHS-UNKNOWN. Không gán vào một Nữ hộ sinh cụ thể.
B6: Đơn hàng: mỗi đơn 1 dòng ở ORDERS. Cột SĐT đăng ký là bắt buộc; SĐT nhận hàng được phép khác.
B7: Dữ liệu gốc vẫn là Pancake CRM. File này kéo từ CRM, giữ cột ID Pancake CRM để đối chiếu ngược.
B8: File chứa họ tên + SĐT của mẹ: chỉ chia sẻ cho người cần, không để "ai có link cũng xem".
B9: Đã chuẩn bị sẵn công thức cho 5.000 dòng. Dán dữ liệu bằng Paste Values để không mất định dạng/validation.
B11: THAY ĐỔI SO VỚI BẢN TRƯỚC
B12: MASTER_SOURCE: chuẩn hóa Team về 2 giá trị ZM / CDB (trước có ZMOMS, ZM, CỘNG ĐỒNG BẦU, CDB).
B13: MASTER_SOURCE: Ngày tạo chuyển từ chữ sang kiểu ngày; thêm NHS-UNKNOWN; Link/QR tự sinh; thêm cột kiểm tra mã trùng và đếm đăng ký / hợp lệ / đơn theo nguồn.
... B26: 6. NHS-UNKNOWN để Team "Chưa xác định" – đổi sang ZM nếu team thống nhất tính về Z-Moms.

Sheet TONG_QUAN
A1: TỔNG QUAN DATA – Z-MOMS x APTAMIL
A2: Mọi số liệu tự tính từ DATA_MASTER / ORDERS. Không nhập tay ở sheet này.
A4: Chỉ số | B4: Giá trị | D4: Team | E4: Đăng ký | F4: Hợp lệ
A5: Tổng đăng ký | B5: =COUNTIF(DATA_MASTER!$D$2:$D$5000,"?*") | D5: ZM | E5: =COUNTIF(DATA_MASTER!$L$2:$L$5000,D5) | F5: =COUNTIFS(DATA_MASTER!$L$2:$L$5000,D5,DATA_MASTER!$T$2:$T$5000,"Có")
A6: Data hợp lệ (tính KPI) | B6: =COUNTIF(DATA_MASTER!$T$2:$T$5000,"Có") | D6: CDB | E6: =COUNTIF(DATA_MASTER!$L$2:$L$5000,D6) | F6: =COUNTIFS(DATA_MASTER!$L$2:$L$5000,D6,DATA_MASTER!$T$2:$T$5000,"Có")
A7: KPI Aptamil | B7: =DANH_MUC!$L$2 | D7: Chưa xác định | E7: =COUNTIF(DATA_MASTER!$L$2:$L$5000,D7) | F7: =COUNTIFS(DATA_MASTER!$L$2:$L$5000,D7,DATA_MASTER!$T$2:$T$5000,"Có")
A8: % hoàn thành KPI | B8: =IF(B7=0,0,B6/B7)
A9: Còn thiếu | B9: =MAX(0,B7-B6)
A10: Không hợp lệ | B10: =COUNTIF(DATA_MASTER!$T$2:$T$5000,"Không") | D10: Loại nguồn | E10: Đăng ký | F10: Hợp lệ
A11: trong đó trùng SĐT | B11: =COUNTIF(DATA_MASTER!$R$2:$R$5000,"Trùng") | D11: NHS | E11: =COUNTIF(DATA_MASTER!$K$2:$K$5000,D11) | F11: =COUNTIFS(DATA_MASTER!$K$2:$K$5000,D11,DATA_MASTER!$T$2:$T$5000,"Có")
A12: Đăng ký chưa xác định nguồn | B12: =COUNTIF(DATA_MASTER!$L$2:$L$5000,"Chưa xác định") | D12: Event | E12: =COUNTIF(DATA_MASTER!$K$2:$K$5000,D12) | F12: =COUNTIFS(DATA_MASTER!$K$2:$K$5000,D12,DATA_MASTER!$T$2:$T$5000,"Có")
A13: % chưa xác định nguồn | B13: =IF(B5=0,0,B12/B5) | D13: Team | E13: =COUNTIF(DATA_MASTER!$K$2:$K$5000,D13) | F13: =COUNTIFS(DATA_MASTER!$K$2:$K$5000,D13,DATA_MASTER!$T$2:$T$5000,"Có")
A14: Số mẹ đã mua (đơn đã CK) | B14: =COUNTIFS(DATA_MASTER!$W$2:$W$5000,">0") | D14: Khác | E14: =COUNTIF(DATA_MASTER!$K$2:$K$5000,D14) | F14: =COUNTIFS(DATA_MASTER!$K$2:$K$5000,D14,DATA_MASTER!$T$2:$T$5000,"Có")
A15: Tỷ lệ mua / data hợp lệ | B15: =IF(B6=0,0,B14/B6) | D15: Seeding | E15: =COUNTIF(DATA_MASTER!$K$2:$K$5000,D15) | F15: =COUNTIFS(DATA_MASTER!$K$2:$K$5000,D15,DATA_MASTER!$T$2:$T$5000,"Có")
A16: Doanh thu đã CK (VNĐ) | B16: =SUMIFS(ORDERS!$J$2:$J$4995,ORDERS!$L$2:$L$4995,"Đã chuyển khoản") | D16: Sales | E16: =COUNTIF(DATA_MASTER!$K$2:$K$5000,D16) | F16: =COUNTIFS(DATA_MASTER!$K$2:$K$5000,D16,DATA_MASTER!$T$2:$T$5000,"Có")
A18: Tuần bắt đầu (thứ 2) | B18: Đăng ký mới | C18: Hợp lệ | D18: KPI tuần | E18: Đạt?
A19: 46293 | B19: =COUNTIF(DATA_MASTER!$H$2:$H$5000,A19) | C19: =COUNTIFS(DATA_MASTER!$H$2:$H$5000,A19,DATA_MASTER!$T$2:$T$5000,"Có") | D19: =DANH_MUC!$L$3 | E19: =IF(A19>TODAY(),"",IF(C19>=D19,"Đạt","Chưa đạt"))
A20: =A19+7 | B20: =COUNTIF(DATA_MASTER!$H$2:$H$5000,A20) | C20: =COUNTIFS(DATA_MASTER!$H$2:$H$5000,A20,DATA_MASTER!$T$2:$T$5000,"Có") | D20: =DANH_MUC!$L$3 | E20: =IF(A20>TODAY(),"",IF(C20>=D20,"Đạt","Chưa đạt"))
A21: =A20+7 | B21: =COUNTIF(DATA_MASTER!$H$2:$H$5000,A21) | C21: =COUNTIFS(DATA_MASTER!$H$2:$H$5000,A21,DATA_MASTER!$T$2:$T$5000,"Có") | D21: =DANH_MUC!$L$3 | E21: =IF(A21>TODAY(),"",IF(C21>=D21,"Đạt","Chưa đạt"))
A22: =A21+7 | B22: =COUNTIF(DATA_MASTER!$H$2:$H$5000,A22) | C22: =COUNTIFS(DATA_MASTER!$H$2:$H$5000,A22,DATA_MASTER!$T$2:$T$5000,"Có") | D22: =DANH_MUC!$L$3 | E22: =IF(A22>TODAY(),"",IF(C22>=D22,"Đạt","Chưa đạt"))
A23: =A22+7 | B23: =COUNTIF(DATA_MASTER!$H$2:$H$5000,A23) | C23: =COUNTIFS(DATA_MASTER!$H$2:$H$5000,A23,DATA_MASTER!$T$2:$T$5000,"Có") | D23: =DANH_MUC!$L$3 | E23: =IF(A23>TODAY(),"",IF(C23>=D23,"Đạt","Chưa đạt"))
A24: =A23+7 | B24: =COUNTIF(DATA_MASTER!$H$2:$H$5000,A24) | C24: =COUNTIFS(DATA_MASTER!$H$2:$H$5000,A24,DATA_MASTER!$T$2:$T$5000,"Có") | D24: =DANH_MUC!$L$3 | E24: =IF(A24>TODAY(),"",IF(C24>=D24,"Đạt","Chưa đạt"))
A25: =A24+7 | B25: =COUNTIF(DATA_MASTER!$H$2:$H$5000,A25) | C25: =COUNTIFS(DATA_MASTER!$H$2:$H$5000,A25,DATA_MASTER!$T$2:$T$5000,"Có") | D25: =DANH_MUC!$L$3 | E25: =IF(A25>TODAY(),"",IF(C25>=D25,"Đạt","Chưa đạt"))
A26: =A25+7 | B26: =COUNTIF(DATA_MASTER!$H$2:$H$5000,A26) | C26: =COUNTIFS(DATA_MASTER!$H$2:$H$5000,A26,DATA_MASTER!$T$2:$T$5000,"Có") | D26: =DANH_MUC!$L$3 | E26: =IF(A26>TODAY(),"",IF(C26>=D26,"Đạt","Chưa đạt"))
A27: =A26+7 | B27: =COUNTIF(DATA_MASTER!$H$2:$H$5000,A27) | C27: =COUNTIFS(DATA_MASTER!$H$2:$H$5000,A27,DATA_MASTER!$T$2:$T$5000,"Có") | D27: =DANH_MUC!$L$3 | E27: =IF(A27>TODAY(),"",IF(C27>=D27,"Đạt","Chưa đạt"))
A28: =A27+7 | B28: =COUNTIF(DATA_MASTER!$H$2:$H$5000,A28) | C28: =COUNTIFS(DATA_MASTER!$H$2:$H$5000,A28,DATA_MASTER!$T$2:$T$5000,"Có") | D28: =DANH_MUC!$L$3 | E28: =IF(A28>TODAY(),"",IF(C28>=D28,"Đạt","Chưa đạt"))
A29: =A28+7 | B29: =COUNTIF(DATA_MASTER!$H$2:$H$5000,A29) | C29: =COUNTIFS(DATA_MASTER!$H$2:$H$5000,A29,DATA_MASTER!$T$2:$T$5000,"Có") | D29: =DANH_MUC!$L$3 | E29: =IF(A29>TODAY(),"",IF(C29>=D29,"Đạt","Chưa đạt"))
A30: =A29+7 | B30: =COUNTIF(DATA_MASTER!$H$2:$H$5000,A30) | C30: =COUNTIFS(DATA_MASTER!$H$2:$H$5000,A30,DATA_MASTER!$T$2:$T$5000,"Có") | D30: =DANH_MUC!$L$3 | E30: =IF(A30>TODAY(),"",IF(C30>=D30,"Đạt","Chưa đạt"))
A31: =A30+7 | B31: =COUNTIF(DATA_MASTER!$H$2:$H$5000,A31) | C31: =COUNTIFS(DATA_MASTER!$H$2:$H$5000,A31,DATA_MASTER!$T$2:$T$5000,"Có") | D31: =DANH_MUC!$L$3 | E31: =IF(A31>TODAY(),"",IF(C31>=D31,"Đạt","Chưa đạt"))
... A44: =A43+7 | B44: =COUNTIF(DATA_MASTER!$H$2:$H$5000,A44) | C44: =COUNTIFS(DATA_MASTER!$H$2:$H$5000,A44,DATA_MASTER!$T$2:$T$5000,"Có") | D44: =DANH_MUC!$L$3 | E44: =IF(A44>TODAY(),"",IF(C44>=D44,"Đạt","Chưa đạt"))

Sheet DATA_MASTER
A1: ID Pancake CRM | B1: Thời gian đăng ký | C1: Họ và tên | D1: Số điện thoại đăng ký | E1: Ngày dự sinh / ngày sinh của bé | F1: Tình trạng mẹ | G1: Tỉnh/Thành phố | H1: Tuần đăng ký (thứ 2) | I1: Mã REF | J1: Nguồn | K1: Loại nguồn | L1: Activation Team | M1: Đồng ý đăng ký hội viên | N1: Đã đọc chính sách Aptamil | O1: Đồng ý nhận thông báo | P1: Đồng ý chia sẻ để đăng ký Aptaclub | Q1: Đủ điều kiện gửi CRM Danone | R1: Trùng SĐT? | S1: SĐT đúng định dạng? | T1: Hợp lệ (tính KPI) | U1: Lý do không hợp lệ | V1: Đã mua? | W1: Số đơn đã CK | X1: Tổng tiền đã CK (VNĐ) | Y1: Ghi chú
A2: e0aab3d1-323e-4c63-ac93-fa4bc0dcd6c2 | B2: 46286.756 | C2: Lương Thị Hương Liên | D2: 0399222285 | E2: 46327 | F2: Đang mang thai | G2: Hồ Chí Minh | H2: =IF(ISNUMBER($B2),INT($B2)-WEEKDAY($B2,2)+1,"") | I2: Z-GREEN | J2: {=IF($D2="","",IF($I2="","(trống REF)",IFERROR(INDEX(MASTER_SOURCE!$B$2:$B$495,MATCH($I2,MASTER_SOURCE!$A$2:$A$495,0)),"(REF không có trong MASTER_SOURCE)")))} | K2: {=IF($D2="","",IFERROR(INDEX(MASTER_SOURCE!$C$2:$C$495,MATCH($I2,MASTER_SOURCE!$A$2:$A$495,0)),""))} | L2: {=IF($D2="","",IFERROR(INDEX(MASTER_SOURCE!$D$2:$D$495,MATCH($I2,MASTER_SOURCE!$A$2:$A$495,0)),""))} | M2: Có | N2: Có | O2: Có | P2: Có | Q2: =IF($D2="","",IF(AND(OR(DANH_MUC!$L$5<>"Có",M2="Có"),OR(DANH_MUC!$L$6<>"Có",N2="Có"),OR(DANH_MUC!$L$7<>"Có",O2="Có"),OR(DANH_MUC!$L$8<>"Có",P2="Có")),"Có","Không")) | R2: =IF($D2="","",IF(COUNTIF($D$2:$D2,$D2)>1,"Trùng","")) | S2: =IF($D2="","",IF(AND(LEN($D2)=10,LEFT($D2,1)="0",ISNUMBER(--$D2)),"Có","Không")) | T2: =IF($D2="","",IF(AND($C2<>"",$Q2="Có",$R2="",$S2="Có",AND($L2<>"",OR($L2<>"Chưa xác định",DANH_MUC!$L$9="Có"))),"Có","Không")) | U2: =IF(OR($D2="",$T2="Có"),"",IF($C2="","Thiếu họ tên; ","")&IF($S2<>"Có","SĐT sai định dạng; ","")&IF($R2="Trùng","Trùng SĐT; ","")&IF($Q2<>"Có","Thiếu đồng ý bắt buộc; ","")&IF($L2="","Thiếu/sai Mã REF; ",IF(AND($L2="Chưa xác định",DANH_MUC!$L$9<>"Có"),"Nguồn chưa xác định; ",""))) | V2: =IF(OR($D2="",$R2="Trùng"),"",IF(COUNTIF(ORDERS!$C$2:$C$4995,$D2)>0,"Có","Không")) | W2: =IF(OR($D2="",$R2="Trùng"),"",COUNTIFS(ORDERS!$C$2:$C$4995,$D2,ORDERS!$L$2:$L$4995,"Đã chuyển khoản")) | X2: =IF(OR($D2="",$R2="Trùng"),"",SUMIFS(ORDERS!$J$2:$J$4995,ORDERS!$C$2:$C$4995,$D2,ORDERS!$L$2:$L$4995,"Đã chuyển khoản"))
A3: eca8b050-6e7d-4df9-90bd-1c140161b9b2 | B3: 46286.899 | C3: ĐỖ THỊ NHÃ LINH | D3: 0971259214 | E3: 46237 | F3: Đã sinh | G3: Hồ Chí Minh | H3: =IF(ISNUMBER($B3),INT($B3)-WEEKDAY($B3,2)+1,"") | I3: Z-CIH | J3: {=IF($D3="","",IF($I3="","(trống REF)",IFERROR(INDEX(MASTER_SOURCE!$B$2:$B$495,MATCH($I3,MASTER_SOURCE!$A$2:$A$495,0)),"(REF không có trong MASTER_SOURCE)")))} | K3: {=IF($D3="","",IFERROR(INDEX(MASTER_SOURCE!$C$2:$C$495,MATCH($I3,MASTER_SOURCE!$A$2:$A$495,0)),""))} | L3: {=IF($D3="","",IFERROR(INDEX(MASTER_SOURCE!$D$2:$D$495,MATCH($I3,MASTER_SOURCE!$A$2:$A$495,0)),""))} | M3: Có | N3: Có | O3: Có | P3: Có | Q3: =IF($D3="","",IF(AND(OR(DANH_MUC!$L$5<>"Có",M3="Có"),OR(DANH_MUC!$L$6<>"Có",N3="Có"),OR(DANH_MUC!$L$7<>"Có",O3="Có"),OR(DANH_MUC!$L$8<>"Có",P3="Có")),"Có","Không")) | R3: =IF($D3="","",IF(COUNTIF($D$2:$D3,$D3)>1,"Trùng","")) | S3: =IF($D3="","",IF(AND(LEN($D3)=10,LEFT($D3,1)="0",ISNUMBER(--$D3)),"Có","Không")) | T3: =IF($D3="","",IF(AND($C3<>"",$Q3="Có",$R3="",$S3="Có",AND($L3<>"",OR($L3<>"Chưa xác định",DANH_MUC!$L$9="Có"))),"Có","Không")) | U3: =IF(OR($D3="",$T3="Có"),"",IF($C3="","Thiếu họ tên; ","")&IF($S3<>"Có","SĐT sai định dạng; ","")&IF($R3="Trùng","Trùng SĐT; ","")&IF($Q3<>"Có","Thiếu đồng ý bắt buộc; ","")&IF($L3="","Thiếu/sai Mã REF; ",IF(AND($L3="Chưa xác định",DANH_MUC!$L$9<>"Có"),"Nguồn chưa xác định; ",""))) | V3: =IF(OR($D3="",$R3="Trùng"),"",IF(COUNTIF(ORDERS!$C$2:$C$4995,$D3)>0,"Có","Không")) | W3: =IF(OR($D3="",$R3="Trùng"),"",COUNTIFS(ORDERS!$C$2:$C$4995,$D3,ORDERS!$L$2:$L$4995,"Đã chuyển khoản")) | X3: =IF(OR($D3="",$R3="Trùng"),"",SUMIFS(ORDERS!$J$2:$J$4995,ORDERS!$C$2:$C$4995,$D3,ORDERS!$L$2:$L$4995,"Đã chuyển khoản"))
A4: caf11a33-ef88-46cb-91bf-c9a2ff486a87 | B4: 46286.916 | C4: Lương Diệu Hiền | D4: 0924734621 | E4: 46174 | F4: Đã sinh | G4: Hồ Chí Minh | H4: =IF(ISNUMBER($B4),INT($B4)-WEEKDAY($B4,2)+1,"") | I4: Z-00 | J4: {=IF($D4="","",IF($I4="","(trống REF)",IFERROR(INDEX(MASTER_SOURCE!$B$2:$B$495,MATCH($I4,MASTER_SOURCE!$A$2:$A$495,0)),"(REF không có trong MASTER_SOURCE)")))} | K4: {=IF($D4="","",IFERROR(INDEX(MASTER_SOURCE!$C$2:$C$495,MATCH($I4,MASTER_SOURCE!$A$2:$A$495,0)),""))} | L4: {=IF($D4="","",IFERROR(INDEX(MASTER_SOURCE!$D$2:$D$495,MATCH($I4,MASTER_SOURCE!$A$2:$A$495,0)),""))} | M4: Có | N4: Có | O4: Có | P4: Có | Q4: =IF($D4="","",IF(AND(OR(DANH_MUC!$L$5<>"Có",M4="Có"),OR(DANH_MUC!$L$6<>"Có",N4="Có"),OR(DANH_MUC!$L$7<>"Có",O4="Có"),OR(DANH_MUC!$L$8<>"Có",P4="Có")),"Có","Không")) | R4: =IF($D4="","",IF(COUNTIF($D$2:$D4,$D4)>1,"Trùng","")) | S4: =IF($D4="","",IF(AND(LEN($D4)=10,LEFT($D4,1)="0",ISNUMBER(--$D4)),"Có","Không")) | T4: =IF($D4="","",IF(AND($C4<>"",$Q4="Có",$R4="",$S4="Có",AND($L4<>"",OR($L4<>"Chưa xác định",DANH_MUC!$L$9="Có"))),"Có","Không")) | U4: =IF(OR($D4="",$T4="Có"),"",IF($C4="","Thiếu họ tên; ","")&IF($S4<>"Có","SĐT sai định dạng; ","")&IF($R4="Trùng","Trùng SĐT; ","")&IF($Q4<>"Có","Thiếu đồng ý bắt buộc; ","")&IF($L4="","Thiếu/sai Mã REF; ",IF(AND($L4="Chưa xác định",DANH_MUC!$L$9<>"Có"),"Nguồn chưa xác định; ",""))) | V4: =IF(OR($D4="",$R4="Trùng"),"",IF(COUNTIF(ORDERS!$C$2:$C$4995,$D4)>0,"Có","Không")) | W4: =IF(OR($D4="",$R4="Trùng"),"",COUNTIFS(ORDERS!$C$2:$C$4995,$D4,ORDERS!$L$2:$L$4995,"Đã chuyển khoản")) | X4: =IF(OR($D4="",$R4="Trùng"),"",SUMIFS(ORDERS!$J$2:$J$4995,ORDERS!$C$2:$C$4995,$D4,ORDERS!$L$2:$L$4995,"Đã chuyển khoản"))
A5: 904a3428-7455-4fd8-a08f-ab3bcf722b40 | B5: 46287.503 | C5: Lê Thị Hoa | D5: 0979103592 | E5: 46028 | F5: Đã sinh | G5: Hồ Chí Minh | H5: =IF(ISNUMBER($B5),INT($B5)-WEEKDAY($B5,2)+1,"") | I5: Z-00 | J5: {=IF($D5="","",IF($I5="","(trống REF)",IFERROR(INDEX(MASTER_SOURCE!$B$2:$B$495,MATCH($I5,MASTER_SOURCE!$A$2:$A$495,0)),"(REF không có trong MASTER_SOURCE)")))} | K5: {=IF($D5="","",IFERROR(INDEX(MASTER_SOURCE!$C$2:$C$495,MATCH($I5,MASTER_SOURCE!$A$2:$A$495,0)),""))} | L5: {=IF($D5="","",IFERROR(INDEX(MASTER_SOURCE!$D$2:$D$495,MATCH($I5,MASTER_SOURCE!$A$2:$A$495,0)),""))} | M5: Có | N5: Có | O5: Có | P5: Có | Q5: =IF($D5="","",IF(AND(OR(DANH_MUC!$L$5<>"Có",M5="Có"),OR(DANH_MUC!$L$6<>"Có",N5="Có"),OR(DANH_MUC!$L$7<>"Có",O5="Có"),OR(DANH_MUC!$L$8<>"Có",P5="Có")),"Có","Không")) | R5: =IF($D5="","",IF(COUNTIF($D$2:$D5,$D5)>1,"Trùng","")) | S5: =IF($D5="","",IF(AND(LEN($D5)=10,LEFT($D5,1)="0",ISNUMBER(--$D5)),"Có","Không")) | T5: =IF($D5="","",IF(AND($C5<>"",$Q5="Có",$R5="",$S5="Có",AND($L5<>"",OR($L5<>"Chưa xác định",DANH_MUC!$L$9="Có"))),"Có","Không")) | U5: =IF(OR($D5="",$T5="Có"),"",IF($C5="","Thiếu họ tên; ","")&IF($S5<>"Có","SĐT sai định dạng; ","")&IF($R5="Trùng","Trùng SĐT; ","")&IF($Q5<>"Có","Thiếu đồng ý bắt buộc; ","")&IF($L5="","Thiếu/sai Mã REF; ",IF(AND($L5="Chưa xác định",DANH_MUC!$L$9<>"Có"),"Nguồn chưa xác định; ",""))) | V5: =IF(OR($D5="",$R5="Trùng"),"",IF(COUNTIF(ORDERS!$C$2:$C$4995,$D5)>0,"Có","Không")) | W5: =IF(OR($D5="",$R5="Trùng"),"",COUNTIFS(ORDERS!$C$2:$C$4995,$D5,ORDERS!$L$2:$L$4995,"Đã chuyển khoản")) | X5: =IF(OR($D5="",$R5="Trùng"),"",SUMIFS(ORDERS!$J$2:$J$4995,ORDERS!$C$2:$C$4995,$D5,ORDERS!$L$2:$L$4995,"Đã chuyển khoản"))
A6: 08ce8ee5-79db-413c-9226-9d5a90f5091c | B6: 46287.504 | C6: Bùi Thị Lan Anh | D6: 0921247456 | E6: 46268 | F6: Đã sinh | G6: Nghệ An | H6: =IF(ISNUMBER($B6),INT($B6)-WEEKDAY($B6,2)+1,"") | I6: Z-00 | J6: {=IF($D6="","",IF($I6="","(trống REF)",IFERROR(INDEX(MASTER_SOURCE!$B$2:$B$495,MATCH($I6,MASTER_SOURCE!$A$2:$A$495,0)),"(REF không có trong MASTER_SOURCE)")))} | K6: {=IF($D6="","",IFERROR(INDEX(MASTER_SOURCE!$C$2:$C$495,MATCH($I6,MASTER_SOURCE!$A$2:$A$495,0)),""))} | L6: {=IF($D6="","",IFERROR(INDEX(MASTER_SOURCE!$D$2:$D$495,MATCH($I6,MASTER_SOURCE!$A$2:$A$495,0)),""))} | M6: Có | N6: Có | O6: Có | P6: Có | Q6: =IF($D6="","",IF(AND(OR(DANH_MUC!$L$5<>"Có",M6="Có"),OR(DANH_MUC!$L$6<>"Có",N6="Có"),OR(DANH_MUC!$L$7<>"Có",O6="Có"),OR(DANH_MUC!$L$8<>"Có",P6="Có")),"Có","Không")) | R6: =IF($D6="","",IF(COUNTIF($D$2:$D6,$D6)>1,"Trùng","")) | S6: =IF($D6="","",IF(AND(LEN($D6)=10,LEFT($D6,1)="0",ISNUMBER(--$D6)),"Có","Không")) | T6: =IF($D6="","",IF(AND($C6<>"",$Q6="Có",$R6="",$S6="Có",AND($L6<>"",OR($L6<>"Chưa xác định",DANH_MUC!$L$9="Có"))),"Có","Không")) | U6: =IF(OR($D6="",$T6="Có"),"",IF($C6="","Thiếu họ tên; ","")&IF($S6<>"Có","SĐT sai định dạng; ","")&IF($R6="Trùng","Trùng SĐT; ","")&IF($Q6<>"Có","Thiếu đồng ý bắt buộc; ","")&IF($L6="","Thiếu/sai Mã REF; ",IF(AND($L6="Chưa xác định",DANH_MUC!$L$9<>"Có"),"Nguồn chưa xác định; ",""))) | V6: =IF(OR($D6="",$R6="Trùng"),"",IF(COUNTIF(ORDERS!$C$2:$C$4995,$D6)>0,"Có","Không")) | W6: =IF(OR($D6="",$R6="Trùng"),"",COUNTIFS(ORDERS!$C$2:$C$4995,$D6,ORDERS!$L$2:$L$4995,"Đã chuyển khoản")) | X6: =IF(OR($D6="",$R6="Trùng"),"",SUMIFS(ORDERS!$J$2:$J$4995,ORDERS!$C$2:$C$4995,$D6,ORDERS!$L$2:$L$4995,"Đã chuyển khoản"))
A7: 559520a4-df2e-4c80-91ca-8d624e0aa2f5 | B7: 46287.506 | C7: Nguyễn Thị Phương Dung | D7: 0342794617 | E7: 46083 | F7: Đã sinh | G7: Đồng Nai | H7: =IF(ISNUMBER($B7),INT($B7)-WEEKDAY($B7,2)+1,"") | I7: Z-00 | J7: {=IF($D7="","",IF($I7="","(trống REF)",IFERROR(INDEX(MASTER_SOURCE!$B$2:$B$495,MATCH($I7,MASTER_SOURCE!$A$2:$A$495,0)),"(REF không có trong MASTER_SOURCE)")))} | K7: {=IF($D7="","",IFERROR(INDEX(MASTER_SOURCE!$C$2:$C$495,MATCH($I7,MASTER_SOURCE!$A$2:$A$495,0)),""))} | L7: {=IF($D7="","",IFERROR(INDEX(MASTER_SOURCE!$D$2:$D$495,MATCH($I7,MASTER_SOURCE!$A$2:$A$495,0)),""))} | M7: Có | N7: Có | O7: Có | P7: Có | Q7: =IF($D7="","",IF(AND(OR(DANH_MUC!$L$5<>"Có",M7="Có"),OR(DANH_MUC!$L$6<>"Có",N7="Có"),OR(DANH_MUC!$L$7<>"Có",O7="Có"),OR(DANH_MUC!$L$8<>"Có",P7="Có")),"Có","Không")) | R7: =IF($D7="","",IF(COUNTIF($D$2:$D7,$D7)>1,"Trùng","")) | S7: =IF($D7="","",IF(AND(LEN($D7)=10,LEFT($D7,1)="0",ISNUMBER(--$D7)),"Có","Không")) | T7: =IF($D7="","",IF(AND($C7<>"",$Q7="Có",$R7="",$S7="Có",AND($L7<>"",OR($L7<>"Chưa xác định",DANH_MUC!$L$9="Có"))),"Có","Không")) | U7: =IF(OR($D7="",$T7="Có"),"",IF($C7="","Thiếu họ tên; ","")&IF($S7<>"Có","SĐT sai định dạng; ","")&IF($R7="Trùng","Trùng SĐT; ","")&IF($Q7<>"Có","Thiếu đồng ý bắt buộc; ","")&IF($L7="","Thiếu/sai Mã REF; ",IF(AND($L7="Chưa xác định",DANH_MUC!$L$9<>"Có"),"Nguồn chưa xác định; ",""))) | V7: =IF(OR($D7="",$R7="Trùng"),"",IF(COUNTIF(ORDERS!$C$2:$C$4995,$D7)>0,"Có","Không")) | W7: =IF(OR($D7="",$R7="Trùng"),"",COUNTIFS(ORDERS!$C$2:$C$4995,$D7,ORDERS!$L$2:$L$4995,"Đã chuyển khoản")) | X7: =IF(OR($D7="",$R7="Trùng"),"",SUMIFS(ORDERS!$J$2:$J$4995,ORDERS!$C$2:$C$4995,$D7,ORDERS!$L$2:$L$4995,"Đã chuyển khoản"))
A8: 335e0615-3f89-4566-ac57-a204ad892801 | B8: 46287.51 | C8: Hà Thị Thu Phương | D8: 0393345239 | E8: 46153 | F8: Đã sinh | G8: Hồ Chí Minh | H8: =IF(ISNUMBER($B8),INT($B8)-WEEKDAY($B8,2)+1,"") | I8: Z-00 | J8: {=IF($D8="","",IF($I8="","(trống REF)",IFERROR(INDEX(MASTER_SOURCE!$B$2:$B$495,MATCH($I8,MASTER_SOURCE!$A$2:$A$495,0)),"(REF không có trong MASTER_SOURCE)")))} | K8: {=IF($D8="","",IFERROR(INDEX(MASTER_SOURCE!$C$2:$C$495,MATCH($I8,MASTER_SOURCE!$A$2:$A$495,0)),""))} | L8: {=IF($D8="","",IFERROR(INDEX(MASTER_SOURCE!$D$2:$D$495,MATCH($I8,MASTER_SOURCE!$A$2:$A$495,0)),""))} | M8: Có | N8: Có | O8: Có | P8: Có | Q8: =IF($D8="","",IF(AND(OR(DANH_MUC!$L$5<>"Có",M8="Có"),OR(DANH_MUC!$L$6<>"Có",N8="Có"),OR(DANH_MUC!$L$7<>"Có",O8="Có"),OR(DANH_MUC!$L$8<>"Có",P8="Có")),"Có","Không")) | R8: =IF($D8="","",IF(COUNTIF($D$2:$D8,$D8)>1,"Trùng","")) | S8: =IF($D8="","",IF(AND(LEN($D8)=10,LEFT($D8,1)="0",ISNUMBER(--$D8)),"Có","Không")) | T8: =IF($D8="","",IF(AND($C8<>"",$Q8="Có",$R8="",$S8="Có",AND($L8<>"",OR($L8<>"Chưa xác định",DANH_MUC!$L$9="Có"))),"Có","Không")) | U8: =IF(OR($D8="",$T8="Có"),"",IF($C8="","Thiếu họ tên; ","")&IF($S8<>"Có","SĐT sai định dạng; ","")&IF($R8="Trùng","Trùng SĐT; ","")&IF($Q8<>"Có","Thiếu đồng ý bắt buộc; ","")&IF($L8="","Thiếu/sai Mã REF; ",IF(AND($L8="Chưa xác định",DANH_MUC!$L$9<>"Có"),"Nguồn chưa xác định; ",""))) | V8: =IF(OR($D8="",$R8="Trùng"),"",IF(COUNTIF(ORDERS!$C$2:$C$4995,$D8)>0,"Có","Không")) | W8: =IF(OR($D8="",$R8="Trùng"),"",COUNTIFS(ORDERS!$C$2:$C$4995,$D8,ORDERS!$L$2:$L$4995,"Đã chuyển khoản")) | X8: =IF(OR($D8="",$R8="Trùng"),"",SUMIFS(ORDERS!$J$2:$J$4995,ORDERS!$C$2:$C$4995,$D8,ORDERS!$L$2:$L$4995,"Đã chuyển khoản"))
A9: 840f0fea-7095-4fc2-9875-d459e1a162b3 | B9: 46287.569 | C9: Minh Anh | D9: 0984748123 | E9: 46199 | F9: Đã sinh | G9: Đồng Nai | H9: =IF(ISNUMBER($B9),INT($B9)-WEEKDAY($B9,2)+1,"") | I9: Z-00 | J9: {=IF($D9="","",IF($I9="","(trống REF)",IFERROR(INDEX(MASTER_SOURCE!$B$2:$B$495,MATCH($I9,MASTER_SOURCE!$A$2:$A$495,0)),"(REF không có trong MASTER_SOURCE)")))} | K9: {=IF($D9="","",IFERROR(INDEX(MASTER_SOURCE!$C$2:$C$495,MATCH($I9,MASTER_SOURCE!$A$2:$A$495,0)),""))} | L9: {=IF($D9="","",IFERROR(INDEX(MASTER_SOURCE!$D$2:$D$495,MATCH($I9,MASTER_SOURCE!$A$2:$A$495,0)),""))} | M9: Có | N9: Có | O9: Có | P9: Có | Q9: =IF($D9="","",IF(AND(OR(DANH_MUC!$L$5<>"Có",M9="Có"),OR(DANH_MUC!$L$6<>"Có",N9="Có"),OR(DANH_MUC!$L$7<>"Có",O9="Có"),OR(DANH_MUC!$L$8<>"Có",P9="Có")),"Có","Không")) | R9: =IF($D9="","",IF(COUNTIF($D$2:$D9,$D9)>1,"Trùng","")) | S9: =IF($D9="","",IF(AND(LEN($D9)=10,LEFT($D9,1)="0",ISNUMBER(--$D9)),"Có","Không")) | T9: =IF($D9="","",IF(AND($C9<>"",$Q9="Có",$R9="",$S9="Có",AND($L9<>"",OR($L9<>"Chưa xác định",DANH_MUC!$L$9="Có"))),"Có","Không")) | U9: =IF(OR($D9="",$T9="Có"),"",IF($C9="","Thiếu họ tên; ","")&IF($S9<>"Có","SĐT sai định dạng; ","")&IF($R9="Trùng","Trùng SĐT; ","")&IF($Q9<>"Có","Thiếu đồng ý bắt buộc; ","")&IF($L9="","Thiếu/sai Mã REF; ",IF(AND($L9="Chưa xác định",DANH_MUC!$L$9<>"Có"),"Nguồn chưa xác định; ",""))) | V9: =IF(OR($D9="",$R9="Trùng"),"",IF(COUNTIF(ORDERS!$C$2:$C$4995,$D9)>0,"Có","Không")) | W9: =IF(OR($D9="",$R9="Trùng"),"",COUNTIFS(ORDERS!$C$2:$C$4995,$D9,ORDERS!$L$2:$L$4995,"Đã chuyển khoản")) | X9: =IF(OR($D9="",$R9="Trùng"),"",SUMIFS(ORDERS!$J$2:$J$4995,ORDERS!$C$2:$C$4995,$D9,ORDERS!$L$2:$L$4995,"Đã chuyển khoản"))
A10: 261a8789-c269-441e-b75f-3d40478618de | B10: 46287.581 | C10: Nguyễn Thảo | D10: 0936028702 | E10: 46297 | F10: Đang mang thai | G10: Hồ Chí Minh | H10: =IF(ISNUMBER($B10),INT($B10)-WEEKDAY($B10,2)+1,"") | I10: Z-00 | J10: {=IF($D10="","",IF($I10="","(trống REF)",IFERROR(INDEX(MASTER_SOURCE!$B$2:$B$495,MATCH($I10,MASTER_SOURCE!$A$2:$A$495,0)),"(REF không có trong MASTER_SOURCE)")))} | K10: {=IF($D10="","",IFERROR(INDEX(MASTER_SOURCE!$C$2:$C$495,MATCH($I10,MASTER_SOURCE!$A$2:$A$495,0)),""))} | L10: {=IF($D10="","",IFERROR(INDEX(MASTER_SOURCE!$D$2:$D$495,MATCH($I10,MASTER_SOURCE!$A$2:$A$495,0)),""))} | M10: Có | N10: Có | O10: Có | P10: Có | Q10: =IF($D10="","",IF(AND(OR(DANH_MUC!$L$5<>"Có",M10="Có"),OR(DANH_MUC!$L$6<>"Có",N10="Có"),OR(DANH_MUC!$L$7<>"Có",O10="Có"),OR(DANH_MUC!$L$8<>"Có",P10="Có")),"Có","Không")) | R10: =IF($D10="","",IF(COUNTIF($D$2:$D10,$D10)>1,"Trùng","")) | S10: =IF($D10="","",IF(AND(LEN($D10)=10,LEFT($D10,1)="0",ISNUMBER(--$D10)),"Có","Không")) | T10: =IF($D10="","",IF(AND($C10<>"",$Q10="Có",$R10="",$S10="Có",AND($L10<>"",OR($L10<>"Chưa xác định",DANH_MUC!$L$9="Có"))),"Có","Không")) | U10: =IF(OR($D10="",$T10="Có"),"",IF($C10="","Thiếu họ tên; ","")&IF($S10<>"Có","SĐT sai định dạng; ","")&IF($R10="Trùng","Trùng SĐT; ","")&IF($Q10<>"Có","Thiếu đồng ý bắt buộc; ","")&IF($L10="","Thiếu/sai Mã REF; ",IF(AND($L10="Chưa xác định",DANH_MUC!$L$9<>"Có"),"Nguồn chưa xác định; ",""))) | V10: =IF(OR($D10="",$R10="Trùng"),"",IF(COUNTIF(ORDERS!$C$2:$C$4995,$D10)>0,"Có","Không")) | W10: =IF(OR($D10="",$R10="Trùng"),"",COUNTIFS(ORDERS!$C$2:$C$4995,$D10,ORDERS!$L$2:$L$4995,"Đã chuyển khoản")) | X10: =IF(OR($D10="",$R10="Trùng"),"",SUMIFS(ORDERS!$J$2:$J$4995,ORDERS!$C$2:$C$4995,$D10,ORDERS!$L$2:$L$4995,"Đã chuyển khoản"))
A11: 34f9340d-e395-403a-9a63-de2c771f56b1 | B11: 46287.59 | C11: Nguyễn Thị Việt | D11: 0368435969 | E11: 46315 | F11: Đang mang thai | G11: Hồ Chí Minh | H11: =IF(ISNUMBER($B11),INT($B11)-WEEKDAY($B11,2)+1,"") | I11: Z-00 | J11: {=IF($D11="","",IF($I11="","(trống REF)",IFERROR(INDEX(MASTER_SOURCE!$B$2:$B$495,MATCH($I11,MASTER_SOURCE!$A$2:$A$495,0)),"(REF không có trong MASTER_SOURCE)")))} | K11: {=IF($D11="","",IFERROR(INDEX(MASTER_SOURCE!$C$2:$C$495,MATCH($I11,MASTER_SOURCE!$A$2:$A$495,0)),""))} | L11: {=IF($D11="","",IFERROR(INDEX(MASTER_SOURCE!$D$2:$D$495,MATCH($I11,MASTER_SOURCE!$A$2:$A$495,0)),""))} | M11: Có | N11: Có | O11: Có | P11: Có | Q11: =IF($D11="","",IF(AND(OR(DANH_MUC!$L$5<>"Có",M11="Có"),OR(DANH_MUC!$L$6<>"Có",N11="Có"),OR(DANH_MUC!$L$7<>"Có",O11="Có"),OR(DANH_MUC!$L$8<>"Có",P11="Có")),"Có","Không")) | R11: =IF($D11="","",IF(COUNTIF($D$2:$D11,$D11)>1,"Trùng","")) | S11: =IF($D11="","",IF(AND(LEN($D11)=10,LEFT($D11,1)="0",ISNUMBER(--$D11)),"Có","Không")) | T11: =IF($D11="","",IF(AND($C11<>"",$Q11="Có",$R11="",$S11="Có",AND($L11<>"",OR($L11<>"Chưa xác định",DANH_MUC!$L$9="Có"))),"Có","Không")) | U11: =IF(OR($D11="",$T11="Có"),"",IF($C11="","Thiếu họ tên; ","")&IF($S11<>"Có","SĐT sai định dạng; ","")&IF($R11="Trùng","Trùng SĐT; ","")&IF($Q11<>"Có","Thiếu đồng ý bắt buộc; ","")&IF($L11="","Thiếu/sai Mã REF; ",IF(AND($L11="Chưa xác định",DANH_MUC!$L$9<>"Có"),"Nguồn chưa xác định; ",""))) | V11: =IF(OR($D11="",$R11="Trùng"),"",IF(COUNTIF(ORDERS!$C$2:$C$4995,$D11)>0,"Có","Không")) | W11: =IF(OR($D11="",$R11="Trùng"),"",COUNTIFS(ORDERS!$C$2:$C$4995,$D11,ORDERS!$L$2:$L$4995,"Đã chuyển khoản")) | X11: =IF(OR($D11="",$R11="Trùng"),"",SUMIFS(ORDERS!$J$2:$J$4995,ORDERS!$C$2:$C$4995,$D11,ORDERS!$L$2:$L$4995,"Đã chuyển khoản"))
A12: 5d402db6-b4c4-4c3f-b55d-88cf574a2a2f | B12: 46287.631 | C12: Cao Nguyễn Anh Thư | D12: 0964079475 | E12: 46335 | F12: Đang mang thai | G12: Hồ Chí Minh | H12: =IF(ISNUMBER($B12),INT($B12)-WEEKDAY($B12,2)+1,"") | I12: Z-00 | J12: {=IF($D12="","",IF($I12="","(trống REF)",IFERROR(INDEX(MASTER_SOURCE!$B$2:$B$495,MATCH($I12,MASTER_SOURCE!$A$2:$A$495,0)),"(REF không có trong MASTER_SOURCE)")))} | K12: {=IF($D12="","",IFERROR(INDEX(MASTER_SOURCE!$C$2:$C$495,MATCH($I12,MASTER_SOURCE!$A$2:$A$495,0)),""))} | L12: {=IF($D12="","",IFERROR(INDEX(MASTER_SOURCE!$D$2:$D$495,MATCH($I12,MASTER_SOURCE!$A$2:$A$495,0)),""))} | M12: Có | N12: Có | O12: Có | P12: Có | Q12: =IF($D12="","",IF(AND(OR(DANH_MUC!$L$5<>"Có",M12="Có"),OR(DANH_MUC!$L$6<>"Có",N12="Có"),OR(DANH_MUC!$L$7<>"Có",O12="Có"),OR(DANH_MUC!$L$8<>"Có",P12="Có")),"Có","Không")) | R12: =IF($D12="","",IF(COUNTIF($D$2:$D12,$D12)>1,"Trùng","")) | S12: =IF($D12="","",IF(AND(LEN($D12)=10,LEFT($D12,1)="0",ISNUMBER(--$D12)),"Có","Không")) | T12: =IF($D12="","",IF(AND($C12<>"",$Q12="Có",$R12="",$S12="Có",AND($L12<>"",OR($L12<>"Chưa xác định",DANH_MUC!$L$9="Có"))),"Có","Không")) | U12: =IF(OR($D12="",$T12="Có"),"",IF($C12="","Thiếu họ tên; ","")&IF($S12<>"Có","SĐT sai định dạng; ","")&IF($R12="Trùng","Trùng SĐT; ","")&IF($Q12<>"Có","Thiếu đồng ý bắt buộc; ","")&IF($L12="","Thiếu/sai Mã REF; ",IF(AND($L12="Chưa xác định",DANH_MUC!$L$9<>"Có"),"Nguồn chưa xác định; ",""))) | V12: =IF(OR($D12="",$R12="Trùng"),"",IF(COUNTIF(ORDERS!$C$2:$C$4995,$D12)>0,"Có","Không")) | W12: =IF(OR($D12="",$R12="Trùng"),"",COUNTIFS(ORDERS!$C$2:$C$4995,$D12,ORDERS!$L$2:$L$4995,"Đã chuyển khoản")) | X12: =IF(OR($D12="",$R12="Trùng"),"",SUMIFS(ORDERS!$J$2:$J$4995,ORDERS!$C$2:$C$4995,$D12,ORDERS!$L$2:$L$4995,"Đã chuyển khoản"))
A13: cba10242-654c-422a-bf30-a5239b495974 | B13: 46287.64 | C13: Đào Ngọc | D13: 0933951993 | E13: 46349 | F13: Đang mang thai | G13: Hồ Chí Minh | H13: =IF(ISNUMBER($B13),INT($B13)-WEEKDAY($B13,2)+1,"") | I13: Z-00 | J13: {=IF($D13="","",IF($I13="","(trống REF)",IFERROR(INDEX(MASTER_SOURCE!$B$2:$B$495,MATCH($I13,MASTER_SOURCE!$A$2:$A$495,0)),"(REF không có trong MASTER_SOURCE)")))} | K13: {=IF($D13="","",IFERROR(INDEX(MASTER_SOURCE!$C$2:$C$495,MATCH($I13,MASTER_SOURCE!$A$2:$A$495,0)),""))} | L13: {=IF($D13="","",IFERROR(INDEX(MASTER_SOURCE!$D$2:$D$495,MATCH($I13,MASTER_SOURCE!$A$2:$A$495,0)),""))} | M13: Có | N13: Không | O13: Có | P13: Không | Q13: =IF($D13="","",IF(AND(OR(DANH_MUC!$L$5<>"Có",M13="Có"),OR(DANH_MUC!$L$6<>"Có",N13="Có"),OR(DANH_MUC!$L$7<>"Có",O13="Có"),OR(DANH_MUC!$L$8<>"Có",P13="Có")),"Có","Không")) | R13: =IF($D13="","",IF(COUNTIF($D$2:$D13,$D13)>1,"Trùng","")) | S13: =IF($D13="","",IF(AND(LEN($D13)=10,LEFT($D13,1)="0",ISNUMBER(--$D13)),"Có","Không")) | T13: =IF($D13="","",IF(AND($C13<>"",$Q13="Có",$R13="",$S13="Có",AND($L13<>"",OR($L13<>"Chưa xác định",DANH_MUC!$L$9="Có"))),"Có","Không")) | U13: =IF(OR($D13="",$T13="Có"),"",IF($C13="","Thiếu họ tên; ","")&IF($S13<>"Có","SĐT sai định dạng; ","")&IF($R13="Trùng","Trùng SĐT; ","")&IF($Q13<>"Có","Thiếu đồng ý bắt buộc; ","")&IF($L13="","Thiếu/sai Mã REF; ",IF(AND($L13="Chưa xác định",DANH_MUC!$L$9<>"Có"),"Nguồn chưa xác định; ",""))) | V13: =IF(OR($D13="",$R13="Trùng"),"",IF(COUNTIF(ORDERS!$C$2:$C$4995,$D13)>0,"Có","Không")) | W13: =IF(OR($D13="",$R13="Trùng"),"",COUNTIFS(ORDERS!$C$2:$C$4995,$D13,ORDERS!$L$2:$L$4995,"Đã chuyển khoản")) | X13: =IF(OR($D13="",$R13="Trùng"),"",SUMIFS(ORDERS!$J$2:$J$4995,ORDERS!$C$2:$C$4995,$D13,ORDERS!$L$2:$L$4995,"Đã chuyển khoản"))
... A424: 0fad289e-0f3b-4725-a4d5-a1970e688ac0 | B424: 46297.922 | C424: Lê Thị Phượng | D424: 0354862626 | E424: 46270 | F424: Đã sinh | G424: Hải Phòng | H424: =IF(ISNUMBER($B424),INT($B424)-WEEKDAY($B424,2)+1,"") | I424: Z-YHP | J424: {=IF($D424="","",IF($I424="","(trống REF)",IFERROR(INDEX(MASTER_SOURCE!$B$2:$B$495,MATCH($I424,MASTER_SOURCE!$A$2:$A$495,0)),"(REF không có trong MASTER_SOURCE)")))} | K424: {=IF($D424="","",IFERROR(INDEX(MASTER_SOURCE!$C$2:$C$495,MATCH($I424,MASTER_SOURCE!$A$2:$A$495,0)),""))} | L424: {=IF($D424="","",IFERROR(INDEX(MASTER_SOURCE!$D$2:$D$495,MATCH($I424,MASTER_SOURCE!$A$2:$A$495,0)),""))} | M424: Có | N424: Có | O424: Có | P424: Có | Q424: =IF($D424="","",IF(AND(OR(DANH_MUC!$L$5<>"Có",M424="Có"),OR(DANH_MUC!$L$6<>"Có",N424="Có"),OR(DANH_MUC!$L$7<>"Có",O424="Có"),OR(DANH_MUC!$L$8<>"Có",P424="Có")),"Có","Không")) | R424: =IF($D424="","",IF(COUNTIF($D$2:$D424,$D424)>1,"Trùng","")) | S424: =IF($D424="","",IF(AND(LEN($D424)=10,LEFT($D424,1)="0",ISNUMBER(--$D424)),"Có","Không")) | T424: =IF($D424="","",IF(AND($C424<>"",$Q424="Có",$R424="",$S424="Có",AND($L424<>"",OR($L424<>"Chưa xác định",DANH_MUC!$L$9="Có"))),"Có","Không")) | U424: =IF(OR($D424="",$T424="Có"),"",IF($C424="","Thiếu họ tên; ","")&IF($S424<>"Có","SĐT sai định dạng; ","")&IF($R424="Trùng","Trùng SĐT; ","")&IF($Q424<>"Có","Thiếu đồng ý bắt buộc; ","")&IF($L424="","Thiếu/sai Mã REF; ",IF(AND($L424="Chưa xác định",DANH_MUC!$L$9<>"Có"),"Nguồn chưa xác định; ",""))) | V424: =IF(OR($D424="",$R424="Trùng"),"",IF(COUNTIF(ORDERS!$C$2:$C$4995,$D424)>0,"Có","Không")) | W424: =IF(OR($D424="",$R424="Trùng"),"",COUNTIFS(ORDERS!$C$2:$C$4995,$D424,ORDERS!$L$2:$L$4995,"Đã chuyển khoản")) | X424: =IF(OR($D424="",$R424="Trùng"),"",SUMIFS(ORDERS!$J$2:$J$4995,ORDERS!$C$2:$C$4995,$D424,ORDERS!$L$2:$L$4995,"Đã chuyển khoản"))
H425: =IF(ISNUMBER($B425),INT($B425)-WEEKDAY($B425,2)+1,"") | J425: {=IF($D425="","",IF($I425="","(trống REF)",IFERROR(INDEX(MASTER_SOURCE!$B$2:$B$495,MATCH($I425,MASTER_SOURCE!$A$2:$A$495,0)),"(REF không có trong MASTER_SOURCE)")))} | K425: {=IF($D425="","",IFERROR(INDEX(MASTER_SOURCE!$C$2:$C$495,MATCH($I425,MASTER_SOURCE!$A$2:$A$495,0)),""))} | L425: {=IF($D425="","",IFERROR(INDEX(MASTER_SOURCE!$D$2:$D$495,MATCH($I425,MASTER_SOURCE!$A$2:$A$495,0)),""))} | Q425: =IF($D425="","",IF(AND(OR(DANH_MUC!$L$5<>"Có",M425="Có"),OR(DANH_MUC!$L$6<>"Có",N425="Có"),OR(DANH_MUC!$L$7<>"Có",O425="Có"),OR(DANH_MUC!$L$8<>"Có",P425="Có")),"Có","Không")) | R425: =IF($D425="","",IF(COUNTIF($D$2:$D425,$D425)>1,"Trùng","")) | S425: =IF($D425="","",IF(AND(LEN($D425)=10,LEFT($D425,1)="0",ISNUMBER(--$D425)),"Có","Không")) | T425: =IF($D425="","",IF(AND($C425<>"",$Q425="Có",$R425="",$S425="Có",AND($L425<>"",OR($L425<>"Chưa xác định",DANH_MUC!$L$9="Có"))),"Có","Không")) | U425: =IF(OR($D425="",$T425="Có"),"",IF($C425="","Thiếu họ tên; ","")&IF($S425<>"Có","SĐT sai định dạng; ","")&IF($R425="Trùng","Trùng SĐT; ","")&IF($Q425<>"Có","Thiếu đồng ý bắt buộc; ","")&IF($L425="","Thiếu/sai Mã REF; ",IF(AND($L425="Chưa xác định",DANH_MUC!$L$9<>"Có"),"Nguồn chưa xác định; ",""))) | V425: =IF(OR($D425="",$R425="Trùng"),"",IF(COUNTIF(ORDERS!$C$2:$C$4995,$D425)>0,"Có","Không")) | W425: =IF(OR($D425="",$R425="Trùng"),"",COUNTIFS(ORDERS!$C$2:$C$4995,$D425,ORDERS!$L$2:$L$4995,"Đã chuyển khoản")) | X425: =IF(OR($D425="",$R425="Trùng"),"",SUMIFS(ORDERS!$J$2:$J$4995,ORDERS!$C$2:$C$4995,$D425,ORDERS!$L$2:$L$4995,"Đã chuyển khoản"))
H426: =IF(ISNUMBER($B426),INT($B426)-WEEKDAY($B426,2)+1,"") | J426: {=IF($D426="","",IF($I426="","(trống REF)",IFERROR(INDEX(MASTER_SOURCE!$B$2:$B$495,MATCH($I426,MASTER_SOURCE!$A$2:$A$495,0)),"(REF không có trong MASTER_SOURCE)")))} | K426: {=IF($D426="","",IFERROR(INDEX(MASTER_SOURCE!$C$2:$C$495,MATCH($I426,MASTER_SOURCE!$A$2:$A$495,0)),""))} | L426: {=IF($D426="","",IFERROR(INDEX(MASTER_SOURCE!$D$2:$D$495,MATCH($I426,MASTER_SOURCE!$A$2:$A$495,0)),""))} | Q426: =IF($D426="","",IF(AND(OR(DANH_MUC!$L$5<>"Có",M426="Có"),OR(DANH_MUC!$L$6<>"Có",N426="Có"),OR(DANH_MUC!$L$7<>"Có",O426="Có"),OR(DANH_MUC!$L$8<>"Có",P426="Có")),"Có","Không")) | R426: =IF($D426="","",IF(COUNTIF($D$2:$D426,$D426)>1,"Trùng","")) | S426: =IF($D426="","",IF(AND(LEN($D426)=10,LEFT($D426,1)="0",ISNUMBER(--$D426)),"Có","Không")) | T426: =IF($D426="","",IF(AND($C426<>"",$Q426="Có",$R426="",$S426="Có",AND($L426<>"",OR($L426<>"Chưa xác định",DANH_MUC!$L$9="Có"))),"Có","Không")) | U426: =IF(OR($D426="",$T426="Có"),"",IF($C426="","Thiếu họ tên; ","")&IF($S426<>"Có","SĐT sai định dạng; ","")&IF($R426="Trùng","Trùng SĐT; ","")&IF($Q426<>"Có","Thiếu đồng ý bắt buộc; ","")&IF($L426="","Thiếu/sai Mã REF; ",IF(AND($L426="Chưa xác định",DANH_MUC!$L$9<>"Có"),"Nguồn chưa xác định; ",""))) | V426: =IF(OR($D426="",$R426="Trùng"),"",IF(COUNTIF(ORDERS!$C$2:$C$4995,$D426)>0,"Có","Không")) | W426: =IF(OR($D426="",$R426="Trùng"),"",COUNTIFS(ORDERS!$C$2:$C$4995,$D426,ORDERS!$L$2:$L$4995,"Đã chuyển khoản")) | X426: =IF(OR($D426="",$R426="Trùng"),"",SUMIFS(ORDERS!$J$2:$J$4995,ORDERS!$C$2:$C$4995,$D426,ORDERS!$L$2:$L$4995,"Đã chuyển khoản"))
H427: =IF(ISNUMBER($B427),INT($B427)-WEEKDAY($B427,2)+1,"") | J427: {=IF($D427="","",IF($I427="","(trống REF)",IFERROR(INDEX(MASTER_SOURCE!$B$2:$B$495,MATCH($I427,MASTER_SOURCE!$A$2:$A$495,0)),"(REF không có trong MASTER_SOURCE)")))} | K427: {=IF($D427="","",IFERROR(INDEX(MASTER_SOURCE!$C$2:$C$495,MATCH($I427,MASTER_SOURCE!$A$2:$A$495,0)),""))} | L427: {=IF($D427="","",IFERROR(INDEX(MASTER_SOURCE!$D$2:$D$495,MATCH($I427,MASTER_SOURCE!$A$2:$A$495,0)),""))} | Q427: =IF($D427="","",IF(AND(OR(DANH_MUC!$L$5<>"Có",M427="Có"),OR(DANH_MUC!$L$6<>"Có",N427="Có"),OR(DANH_MUC!$L$7<>"Có",O427="Có"),OR(DANH_MUC!$L$8<>"Có",P427="Có")),"Có","Không")) | R427: =IF($D427="","",IF(COUNTIF($D$2:$D427,$D427)>1,"Trùng","")) | S427: =IF($D427="","",IF(AND(LEN($D427)=10,LEFT($D427,1)="0",ISNUMBER(--$D427)),"Có","Không")) | T427: =IF($D427="","",IF(AND($C427<>"",$Q427="Có",$R427="",$S427="Có",AND($L427<>"",OR($L427<>"Chưa xác định",DANH_MUC!$L$9="Có"))),"Có","Không")) | U427: =IF(OR($D427="",$T427="Có"),"",IF($C427="","Thiếu họ tên; ","")&IF($S427<>"Có","SĐT sai định dạng; ","")&IF($R427="Trùng","Trùng SĐT; ","")&IF($Q427<>"Có","Thiếu đồng ý bắt buộc; ","")&IF($L427="","Thiếu/sai Mã REF; ",IF(AND($L427="Chưa xác định",DANH_MUC!$L$9<>"Có"),"Nguồn chưa xác định; ",""))) | V427: =IF(OR($D427="",$R427="Trùng"),"",IF(COUNTIF(ORDERS!$C$2:$C$4995,$D427)>0,"Có","Không")) | W427: =IF(OR($D427="",$R427="Trùng"),"",COUNTIFS(ORDERS!$C$2:$C$4995,$D427,ORDERS!$L$2:$L$4995,"Đã chuyển khoản")) | X427: =IF(OR($D427="",$R427="Trùng"),"",SUMIFS(ORDERS!$J$2:$J$4995,ORDERS!$C$2:$C$4995,$D427,ORDERS!$L$2:$L$4995,"Đã chuyển khoản"))
H428: =IF(ISNUMBER($B428),INT($B428)-WEEKDAY($B428,2)+1,"") | J428: {=IF($D428="","",IF($I428="","(trống REF)",IFERROR(INDEX(MASTER_SOURCE!$B$2:$B$495,MATCH($I428,MASTER_SOURCE!$A$2:$A$495,0)),"(REF không có trong MASTER_SOURCE)")))} | K428: {=IF($D428="","",IFERROR(INDEX(MASTER_SOURCE!$C$2:$C$495,MATCH($I428,MASTER_SOURCE!$A$2:$A$495,0)),""))} | L428: {=IF($D428="","",IFERROR(INDEX(MASTER_SOURCE!$D$2:$D$495,MATCH($I428,MASTER_SOURCE!$A$2:$A$495,0)),""))} | Q428: =IF($D428="","",IF(AND(OR(DANH_MUC!$L$5<>"Có",M428="Có"),OR(DANH_MUC!$L$6<>"Có",N428="Có"),OR(DANH_MUC!$L$7<>"Có",O428="Có"),OR(DANH_MUC!$L$8<>"Có",P428="Có")),"Có","Không")) | R428: =IF($D428="","",IF(COUNTIF($D$2:$D428,$D428)>1,"Trùng","")) | S428: =IF($D428="","",IF(AND(LEN($D428)=10,LEFT($D428,1)="0",ISNUMBER(--$D428)),"Có","Không")) | T428: =IF($D428="","",IF(AND($C428<>"",$Q428="Có",$R428="",$S428="Có",AND($L428<>"",OR($L428<>"Chưa xác định",DANH_MUC!$L$9="Có"))),"Có","Không")) | U428: =IF(OR($D428="",$T428="Có"),"",IF($C428="","Thiếu họ tên; ","")&IF($S428<>"Có","SĐT sai định dạng; ","")&IF($R428="Trùng","Trùng SĐT; ","")&IF($Q428<>"Có","Thiếu đồng ý bắt buộc; ","")&IF($L428="","Thiếu/sai Mã REF; ",IF(AND($L428="Chưa xác định",DANH_MUC!$L$9<>"Có"),"Nguồn chưa xác định; ",""))) | V428: =IF(OR($D428="",$R428="Trùng"),"",IF(COUNTIF(ORDERS!$C$2:$C$4995,$D428)>0,"Có","Không")) | W428: =IF(OR($D428="",$R428="Trùng"),"",COUNTIFS(ORDERS!$C$2:$C$4995,$D428,ORDERS!$L$2:$L$4995,"Đã chuyển khoản")) | X428: =IF(OR($D428="",$R428="Trùng"),"",SUMIFS(ORDERS!$J$2:$J$4995,ORDERS!$C$2:$C$4995,$D428,ORDERS!$L$2:$L$4995,"Đã chuyển khoản"))
H429: =IF(ISNUMBER($B429),INT($B429)-WEEKDAY($B429,2)+1,"") | J429: {=IF($D429="","",IF($I429="","(trống REF)",IFERROR(INDEX(MASTER_SOURCE!$B$2:$B$495,MATCH($I429,MASTER_SOURCE!$A$2:$A$495,0)),"(REF không có trong MASTER_SOURCE)")))} | K429: {=IF($D429="","",IFERROR(INDEX(MASTER_SOURCE!$C$2:$C$495,MATCH($I429,MASTER_SOURCE!$A$2:$A$495,0)),""))} | L429: {=IF($D429="","",IFERROR(INDEX(MASTER_SOURCE!$D$2:$D$495,MATCH($I429,MASTER_SOURCE!$A$2:$A$495,0)),""))} | Q429: =IF($D429="","",IF(AND(OR(DANH_MUC!$L$5<>"Có",M429="Có"),OR(DANH_MUC!$L$6<>"Có",N429="Có"),OR(DANH_MUC!$L$7<>"Có",O429="Có"),OR(DANH_MUC!$L$8<>"Có",P429="Có")),"Có","Không")) | R429: =IF($D429="","",IF(COUNTIF($D$2:$D429,$D429)>1,"Trùng","")) | S429: =IF($D429="","",IF(AND(LEN($D429)=10,LEFT($D429,1)="0",ISNUMBER(--$D429)),"Có","Không")) | T429: =IF($D429="","",IF(AND($C429<>"",$Q429="Có",$R429="",$S429="Có",AND($L429<>"",OR($L429<>"Chưa xác định",DANH_MUC!$L$9="Có"))),"Có","Không")) | U429: =IF(OR($D429="",$T429="Có"),"",IF($C429="","Thiếu họ tên; ","")&IF($S429<>"Có","SĐT sai định dạng; ","")&IF($R429="Trùng","Trùng SĐT; ","")&IF($Q429<>"Có","Thiếu đồng ý bắt buộc; ","")&IF($L429="","Thiếu/sai Mã REF; ",IF(AND($L429="Chưa xác định",DANH_MUC!$L$9<>"Có"),"Nguồn chưa xác định; ",""))) | V429: =IF(OR($D429="",$R429="Trùng"),"",IF(COUNTIF(ORDERS!$C$2:$C$4995,$D429)>0,"Có","Không")) | W429: =IF(OR($D429="",$R429="Trùng"),"",COUNTIFS(ORDERS!$C$2:$C$4995,$D429,ORDERS!$L$2:$L$4995,"Đã chuyển khoản")) | X429: =IF(OR($D429="",$R429="Trùng"),"",SUMIFS(ORDERS!$J$2:$J$4995,ORDERS!$C$2:$C$4995,$D429,ORDERS!$L$2:$L$4995,"Đã chuyển khoản"))
H430: =IF(ISNUMBER($B430),INT($B430)-WEEKDAY($B430,2)+1,"") | J430: {=IF($D430="","",IF($I430="","(trống REF)",IFERROR(INDEX(MASTER_SOURCE!$B$2:$B$495,MATCH($I430,MASTER_SOURCE!$A$2:$A$495,0)),"(REF không có trong MASTER_SOURCE)")))} | K430: {=IF($D430="","",IFERROR(INDEX(MASTER_SOURCE!$C$2:$C$495,MATCH($I430,MASTER_SOURCE!$A$2:$A$495,0)),""))} | L430: {=IF($D430="","",IFERROR(INDEX(MASTER_SOURCE!$D$2:$D$495,MATCH($I430,MASTER_SOURCE!$A$2:$A$495,0)),""))} | Q430: =IF($D430="","",IF(AND(OR(DANH_MUC!$L$5<>"Có",M430="Có"),OR(DANH_MUC!$L$6<>"Có",N430="Có"),OR(DANH_MUC!$L$7<>"Có",O430="Có"),OR(DANH_MUC!$L$8<>"Có",P430="Có")),"Có","Không")) | R430: =IF($D430="","",IF(COUNTIF($D$2:$D430,$D430)>1,"Trùng","")) | S430: =IF($D430="","",IF(AND(LEN($D430)=10,LEFT($D430,1)="0",ISNUMBER(--$D430)),"Có","Không")) | T430: =IF($D430="","",IF(AND($C430<>"",$Q430="Có",$R430="",$S430="Có",AND($L430<>"",OR($L430<>"Chưa xác định",DANH_MUC!$L$9="Có"))),"Có","Không")) | U430: =IF(OR($D430="",$T430="Có"),"",IF($C430="","Thiếu họ tên; ","")&IF($S430<>"Có","SĐT sai định dạng; ","")&IF($R430="Trùng","Trùng SĐT; ","")&IF($Q430<>"Có","Thiếu đồng ý bắt buộc; ","")&IF($L430="","Thiếu/sai Mã REF; ",IF(AND($L430="Chưa xác định",DANH_MUC!$L$9<>"Có"),"Nguồn chưa xác định; ",""))) | V430: =IF(OR($D430="",$R430="Trùng"),"",IF(COUNTIF(ORDERS!$C$2:$C$4995,$D430)>0,"Có","Không")) | W430: =IF(OR($D430="",$R430="Trùng"),"",COUNTIFS(ORDERS!$C$2:$C$4995,$D430,ORDERS!$L$2:$L$4995,"Đã chuyển khoản")) | X430: =IF(OR($D430="",$R430="Trùng"),"",SUMIFS(ORDERS!$J$2:$J$4995,ORDERS!$C$2:$C$4995,$D430,ORDERS!$L$2:$L$4995,"Đã chuyển khoản"))
H431: =IF(ISNUMBER($B431),INT($B431)-WEEKDAY($B431,2)+1,"") | J431: {=IF($D431="","",IF($I431="","(trống REF)",IFERROR(INDEX(MASTER_SOURCE!$B$2:$B$495,MATCH($I431,MASTER_SOURCE!$A$2:$A$495,0)),"(REF không có trong MASTER_SOURCE)")))} | K431: {=IF($D431="","",IFERROR(INDEX(MASTER_SOURCE!$C$2:$C$495,MATCH($I431,MASTER_SOURCE!$A$2:$A$495,0)),""))} | L431: {=IF($D431="","",IFERROR(INDEX(MASTER_SOURCE!$D$2:$D$495,MATCH($I431,MASTER_SOURCE!$A$2:$A$495,0)),""))} | Q431: =IF($D431="","",IF(AND(OR(DANH_MUC!$L$5<>"Có",M431="Có"),OR(DANH_MUC!$L$6<>"Có",N431="Có"),OR(DANH_MUC!$L$7<>"Có",O431="Có"),OR(DANH_MUC!$L$8<>"Có",P431="Có")),"Có","Không")) | R431: =IF($D431="","",IF(COUNTIF($D$2:$D431,$D431)>1,"Trùng","")) | S431: =IF($D431="","",IF(AND(LEN($D431)=10,LEFT($D431,1)="0",ISNUMBER(--$D431)),"Có","Không")) | T431: =IF($D431="","",IF(AND($C431<>"",$Q431="Có",$R431="",$S431="Có",AND($L431<>"",OR($L431<>"Chưa xác định",DANH_MUC!$L$9="Có"))),"Có","Không")) | U431: =IF(OR($D431="",$T431="Có"),"",IF($C431="","Thiếu họ tên; ","")&IF($S431<>"Có","SĐT sai định dạng; ","")&IF($R431="Trùng","Trùng SĐT; ","")&IF($Q431<>"Có","Thiếu đồng ý bắt buộc; ","")&IF($L431="","Thiếu/sai Mã REF; ",IF(AND($L431="Chưa xác định",DANH_MUC!$L$9<>"Có"),"Nguồn chưa xác định; ",""))) | V431: =IF(OR($D431="",$R431="Trùng"),"",IF(COUNTIF(ORDERS!$C$2:$C$4995,$D431)>0,"Có","Không")) | W431: =IF(OR($D431="",$R431="Trùng"),"",COUNTIFS(ORDERS!$C$2:$C$4995,$D431,ORDERS!$L$2:$L$4995,"Đã chuyển khoản")) | X431: =IF(OR($D431="",$R431="Trùng"),"",SUMIFS(ORDERS!$J$2:$J$4995,ORDERS!$C$2:$C$4995,$D431,ORDERS!$L$2:$L$4995,"Đã chuyển khoản"))
H432: =IF(ISNUMBER($B432),INT($B432)-WEEKDAY($B432,2)+1,"") | J432: {=IF($D432="","",IF($I432="","(trống REF)",IFERROR(INDEX(MASTER_SOURCE!$B$2:$B$495,MATCH($I432,MASTER_SOURCE!$A$2:$A$495,0)),"(REF không có trong MASTER_SOURCE)")))} | K432: {=IF($D432="","",IFERROR(INDEX(MASTER_SOURCE!$C$2:$C$495,MATCH($I432,MASTER_SOURCE!$A$2:$A$495,0)),""))} | L432: {=IF($D432="","",IFERROR(INDEX(MASTER_SOURCE!$D$2:$D$495,MATCH($I432,MASTER_SOURCE!$A$2:$A$495,0)),""))} | Q432: =IF($D432="","",IF(AND(OR(DANH_MUC!$L$5<>"Có",M432="Có"),OR(DANH_MUC!$L$6<>"Có",N432="Có"),OR(DANH_MUC!$L$7<>"Có",O432="Có"),OR(DANH_MUC!$L$8<>"Có",P432="Có")),"Có","Không")) | R432: =IF($D432="","",IF(COUNTIF($D$2:$D432,$D432)>1,"Trùng","")) | S432: =IF($D432="","",IF(AND(LEN($D432)=10,LEFT($D432,1)="0",ISNUMBER(--$D432)),"Có","Không")) | T432: =IF($D432="","",IF(AND($C432<>"",$Q432="Có",$R432="",$S432="Có",AND($L432<>"",OR($L432<>"Chưa xác định",DANH_MUC!$L$9="Có"))),"Có","Không")) | U432: =IF(OR($D432="",$T432="Có"),"",IF($C432="","Thiếu họ tên; ","")&IF($S432<>"Có","SĐT sai định dạng; ","")&IF($R432="Trùng","Trùng SĐT; ","")&IF($Q432<>"Có","Thiếu đồng ý bắt buộc; ","")&IF($L432="","Thiếu/sai Mã REF; ",IF(AND($L432="Chưa xác định",DANH_MUC!$L$9<>"Có"),"Nguồn chưa xác định; ",""))) | V432: =IF(OR($D432="",$R432="Trùng"),"",IF(COUNTIF(ORDERS!$C$2:$C$4995,$D432)>0,"Có","Không")) | W432: =IF(OR($D432="",$R432="Trùng"),"",COUNTIFS(ORDERS!$C$2:$C$4995,$D432,ORDERS!$L$2:$L$4995,"Đã chuyển khoản")) | X432: =IF(OR($D432="",$R432="Trùng"),"",SUMIFS(ORDERS!$J$2:$J$4995,ORDERS!$C$2:$C$4995,$D432,ORDERS!$L$2:$L$4995,"Đã chuyển khoản"))
H433: =IF(ISNUMBER($B433),INT($B433)-WEEKDAY($B433,2)+1,"") | J433: {=IF($D433="","",IF($I433="","(trống REF)",IFERROR(INDEX(MASTER_SOURCE!$B$2:$B$495,MATCH($I433,MASTER_SOURCE!$A$2:$A$495,0)),"(REF không có trong MASTER_SOURCE)")))} | K433: {=IF($D433="","",IFERROR(INDEX(MASTER_SOURCE!$C$2:$C$495,MATCH($I433,MASTER_SOURCE!$A$2:$A$495,0)),""))} | L433: {=IF($D433="","",IFERROR(INDEX(MASTER_SOURCE!$D$2:$D$495,MATCH($I433,MASTER_SOURCE!$A$2:$A$495,0)),""))} | Q433: =IF($D433="","",IF(AND(OR(DANH_MUC!$L$5<>"Có",M433="Có"),OR(DANH_MUC!$L$6<>"Có",N433="Có"),OR(DANH_MUC!$L$7<>"Có",O433="Có"),OR(DANH_MUC!$L$8<>"Có",P433="Có")),"Có","Không")) | R433: =IF($D433="","",IF(COUNTIF($D$2:$D433,$D433)>1,"Trùng","")) | S433: =IF($D433="","",IF(AND(LEN($D433)=10,LEFT($D433,1)="0",ISNUMBER(--$D433)),"Có","Không")) | T433: =IF($D433="","",IF(AND($C433<>"",$Q433="Có",$R433="",$S433="Có",AND($L433<>"",OR($L433<>"Chưa xác định",DANH_MUC!$L$9="Có"))),"Có","Không")) | U433: =IF(OR($D433="",$T433="Có"),"",IF($C433="","Thiếu họ tên; ","")&IF($S433<>"Có","SĐT sai định dạng; ","")&IF($R433="Trùng","Trùng SĐT; ","")&IF($Q433<>"Có","Thiếu đồng ý bắt buộc; ","")&IF($L433="","Thiếu/sai Mã REF; ",IF(AND($L433="Chưa xác định",DANH_MUC!$L$9<>"Có"),"Nguồn chưa xác định; ",""))) | V433: =IF(OR($D433="",$R433="Trùng"),"",IF(COUNTIF(ORDERS!$C$2:$C$4995,$D433)>0,"Có","Không")) | W433: =IF(OR($D433="",$R433="Trùng"),"",COUNTIFS(ORDERS!$C$2:$C$4995,$D433,ORDERS!$L$2:$L$4995,"Đã chuyển khoản")) | X433: =IF(OR($D433="",$R433="Trùng"),"",SUMIFS(ORDERS!$J$2:$J$4995,ORDERS!$C$2:$C$4995,$D433,ORDERS!$L$2:$L$4995,"Đã chuyển khoản"))
H434: =IF(ISNUMBER($B434),INT($B434)-WEEKDAY($B434,2)+1,"") | J434: {=IF($D434="","",IF($I434="","(trống REF)",IFERROR(INDEX(MASTER_SOURCE!$B$2:$B$495,MATCH($I434,MASTER_SOURCE!$A$2:$A$495,0)),"(REF không có trong MASTER_SOURCE)")))} | K434: {=IF($D434="","",IFERROR(INDEX(MASTER_SOURCE!$C$2:$C$495,MATCH($I434,MASTER_SOURCE!$A$2:$A$495,0)),""))} | L434: {=IF($D434="","",IFERROR(INDEX(MASTER_SOURCE!$D$2:$D$495,MATCH($I434,MASTER_SOURCE!$A$2:$A$495,0)),""))} | Q434: =IF($D434="","",IF(AND(OR(DANH_MUC!$L$5<>"Có",M434="Có"),OR(DANH_MUC!$L$6<>"Có",N434="Có"),OR(DANH_MUC!$L$7<>"Có",O434="Có"),OR(DANH_MUC!$L$8<>"Có",P434="Có")),"Có","Không")) | R434: =IF($D434="","",IF(COUNTIF($D$2:$D434,$D434)>1,"Trùng","")) | S434: =IF($D434="","",IF(AND(LEN($D434)=10,LEFT($D434,1)="0",ISNUMBER(--$D434)),"Có","Không")) | T434: =IF($D434="","",IF(AND($C434<>"",$Q434="Có",$R434="",$S434="Có",AND($L434<>"",OR($L434<>"Chưa xác định",DANH_MUC!$L$9="Có"))),"Có","Không")) | U434: =IF(OR($D434="",$T434="Có"),"",IF($C434="","Thiếu họ tên; ","")&IF($S434<>"Có","SĐT sai định dạng; ","")&IF($R434="Trùng","Trùng SĐT; ","")&IF($Q434<>"Có","Thiếu đồng ý bắt buộc; ","")&IF($L434="","Thiếu/sai Mã REF; ",IF(AND($L434="Chưa xác định",DANH_MUC!$L$9<>"Có"),"Nguồn chưa xác định; ",""))) | V434: =IF(OR($D434="",$R434="Trùng"),"",IF(COUNTIF(ORDERS!$C$2:$C$4995,$D434)>0,"Có","Không")) | W434: =IF(OR($D434="",$R434="Trùng"),"",COUNTIFS(ORDERS!$C$2:$C$4995,$D434,ORDERS!$L$2:$L$4995,"Đã chuyển khoản")) | X434: =IF(OR($D434="",$R434="Trùng"),"",SUMIFS(ORDERS!$J$2:$J$4995,ORDERS!$C$2:$C$4995,$D434,ORDERS!$L$2:$L$4995,"Đã chuyển khoản"))
H435: =IF(ISNUMBER($B435),INT($B435)-WEEKDAY($B435,2)+1,"") | J435: {=IF($D435="","",IF($I435="","(trống REF)",IFERROR(INDEX(MASTER_SOURCE!$B$2:$B$495,MATCH($I435,MASTER_SOURCE!$A$2:$A$495,0)),"(REF không có trong MASTER_SOURCE)")))} | K435: {=IF($D435="","",IFERROR(INDEX(MASTER_SOURCE!$C$2:$C$495,MATCH($I435,MASTER_SOURCE!$A$2:$A$495,0)),""))} | L435: {=IF($D435="","",IFERROR(INDEX(MASTER_SOURCE!$D$2:$D$495,MATCH($I435,MASTER_SOURCE!$A$2:$A$495,0)),""))} | Q435: =IF($D435="","",IF(AND(OR(DANH_MUC!$L$5<>"Có",M435="Có"),OR(DANH_MUC!$L$6<>"Có",N435="Có"),OR(DANH_MUC!$L$7<>"Có",O435="Có"),OR(DANH_MUC!$L$8<>"Có",P435="Có")),"Có","Không")) | R435: =IF($D435="","",IF(COUNTIF($D$2:$D435,$D435)>1,"Trùng","")) | S435: =IF($D435="","",IF(AND(LEN($D435)=10,LEFT($D435,1)="0",ISNUMBER(--$D435)),"Có","Không")) | T435: =IF($D435="","",IF(AND($C435<>"",$Q435="Có",$R435="",$S435="Có",AND($L435<>"",OR($L435<>"Chưa xác định",DANH_MUC!$L$9="Có"))),"Có","Không")) | U435: =IF(OR($D435="",$T435="Có"),"",IF($C435="","Thiếu họ tên; ","")&IF($S435<>"Có","SĐT sai định dạng; ","")&IF($R435="Trùng","Trùng SĐT; ","")&IF($Q435<>"Có","Thiếu đồng ý bắt buộc; ","")&IF($L435="","Thiếu/sai Mã REF; ",IF(AND($L435="Chưa xác định",DANH_MUC!$L$9<>"Có"),"Nguồn chưa xác định; ",""))) | V435: =IF(OR($D435="",$R435="Trùng"),"",IF(COUNTIF(ORDERS!$C$2:$C$4995,$D435)>0,"Có","Không")) | W435: =IF(OR($D435="",$R435="Trùng"),"",COUNTIFS(ORDERS!$C$2:$C$4995,$D435,ORDERS!$L$2:$L$4995,"Đã chuyển khoản")) | X435: =IF(OR($D435="",$R435="Trùng"),"",SUMIFS(ORDERS!$J$2:$J$4995,ORDERS!$C$2:$C$4995,$D435,ORDERS!$L$2:$L$4995,"Đã chuyển khoản"))
H436: =IF(ISNUMBER($B436),INT($B436)-WEEKDAY($B436,2)+1,"") | J436: {=IF($D436="","",IF($I436="","(trống REF)",IFERROR(INDEX(MASTER_SOURCE!$B$2:$B$495,MATCH($I436,MASTER_SOURCE!$A$2:$A$495,0)),"(REF không có trong MASTER_SOURCE)")))} | K436: {=IF($D436="","",IFERROR(INDEX(MASTER_SOURCE!$C$2:$C$495,MATCH($I436,MASTER_SOURCE!$A$2:$A$495,0)),""))} | L436: {=IF($D436="","",IFERROR(INDEX(MASTER_SOURCE!$D$2:$D$495,MATCH($I436,MASTER_SOURCE!$A$2:$A$495,0)),""))} | Q436: =IF($D436="","",IF(AND(OR(DANH_MUC!$L$5<>"Có",M436="Có"),OR(DANH_MUC!$L$6<>"Có",N436="Có"),OR(DANH_MUC!$L$7<>"Có",O436="Có"),OR(DANH_MUC!$L$8<>"Có",P436="Có")),"Có","Không")) | R436: =IF($D436="","",IF(COUNTIF($D$2:$D436,$D436)>1,"Trùng","")) | S436: =IF($D436="","",IF(AND(LEN($D436)=10,LEFT($D436,1)="0",ISNUMBER(--$D436)),"Có","Không")) | T436: =IF($D436="","",IF(AND($C436<>"",$Q436="Có",$R436="",$S436="Có",AND($L436<>"",OR($L436<>"Chưa xác định",DANH_MUC!$L$9="Có"))),"Có","Không")) | U436: =IF(OR($D436="",$T436="Có"),"",IF($C436="","Thiếu họ tên; ","")&IF($S436<>"Có","SĐT sai định dạng; ","")&IF($R436="Trùng","Trùng SĐT; ","")&IF($Q436<>"Có","Thiếu đồng ý bắt buộc; ","")&IF($L436="","Thiếu/sai Mã REF; ",IF(AND($L436="Chưa xác định",DANH_MUC!$L$9<>"Có"),"Nguồn chưa xác định; ",""))) | V436: =IF(OR($D436="",$R436="Trùng"),"",IF(COUNTIF(ORDERS!$C$2:$C$4995,$D436)>0,"Có","Không")) | W436: =IF(OR($D436="",$R436="Trùng"),"",COUNTIFS(ORDERS!$C$2:$C$4995,$D436,ORDERS!$L$2:$L$4995,"Đã chuyển khoản")) | X436: =IF(OR($D436="",$R436="Trùng"),"",SUMIFS(ORDERS!$J$2:$J$4995,ORDERS!$C$2:$C$4995,$D436,ORDERS!$L$2:$L$4995,"Đã chuyển khoản"))
... H5000: =IF(ISNUMBER($B5000),INT($B5000)-WEEKDAY($B5000,2)+1,"") | J5000: {=IF($D5000="","",IF($I5000="","(trống REF)",IFERROR(INDEX(MASTER_SOURCE!$B$2:$B$495,MATCH($I5000,MASTER_SOURCE!$A$2:$A$495,0)),"(REF không có trong MASTER_SOURCE)")))} | K5000: {=IF($D5000="","",IFERROR(INDEX(MASTER_SOURCE!$C$2:$C$495,MATCH($I5000,MASTER_SOURCE!$A$2:$A$495,0)),""))} | L5000: {=IF($D5000="","",IFERROR(INDEX(MASTER_SOURCE!$D$2:$D$495,MATCH($I5000,MASTER_SOURCE!$A$2:$A$495,0)),""))} | Q5000: =IF($D5000="","",IF(AND(OR(DANH_MUC!$L$5<>"Có",M5000="Có"),OR(DANH_MUC!$L$6<>"Có",N5000="Có"),OR(DANH_MUC!$L$7<>"Có",O5000="Có"),OR(DANH_MUC!$L$8<>"Có",P5000="Có")),"Có","Không")) | R5000: =IF($D5000="","",IF(COUNTIF($D$2:$D5000,$D5000)>1,"Trùng","")) | S5000: =IF($D5000="","",IF(AND(LEN($D5000)=10,LEFT($D5000,1)="0",ISNUMBER(--$D5000)),"Có","Không")) | T5000: =IF($D5000="","",IF(AND($C5000<>"",$Q5000="Có",$R5000="",$S5000="Có",AND($L5000<>"",OR($L5000<>"Chưa xác định",DANH_MUC!$L$9="Có"))),"Có","Không")) | U5000: =IF(OR($D5000="",$T5000="Có"),"",IF($C5000="","Thiếu họ tên; ","")&IF($S5000<>"Có","SĐT sai định dạng; ","")&IF($R5000="Trùng","Trùng SĐT; ","")&IF($Q5000<>"Có","Thiếu đồng ý bắt buộc; ","")&IF($L5000="","Thiếu/sai Mã REF; ",IF(AND($L5000="Chưa xác định",DANH_MUC!$L$9<>"Có"),"Nguồn chưa xác định; ",""))) | V5000: =IF(OR($D5000="",$R5000="Trùng"),"",IF(COUNTIF(ORDERS!$C$2:$C$4995,$D5000)>0,"Có","Không")) | W5000: =IF(OR($D5000="",$R5000="Trùng"),"",COUNTIFS(ORDERS!$C$2:$C$4995,$D5000,ORDERS!$L$2:$L$4995,"Đã chuyển khoản")) | X5000: =IF(OR($D5000="",$R5000="Trùng"),"",SUMIFS(ORDERS!$J$2:$J$4995,ORDERS!$C$2:$C$4995,$D5000,ORDERS!$L$2:$L$4995,"Đã chuyển khoản"))

Sheet ORDERS
A1: Mã đơn | B1: Ngày đặt | C1: SĐT đăng ký | D1: Họ tên (từ DATA_MASTER) | E1: Mã REF | F1: Team | G1: Combo / sản phẩm | H1: Số lượng | I1: Đơn giá (VNĐ) | J1: Thành tiền (VNĐ) | K1: Hình thức TT | L1: Trạng thái TT | M1: Ngày nhận CK | N1: SĐT nhận hàng | O1: Người nhận | P1: Địa chỉ nhận | Q1: Trạng thái giao | R1: Người bán | S1: Kiểm tra | T1: Ghi chú
A2: 1 | B2: 15/9/2026 | C2: 0988318495 | D2: =IF($C2="","",IFERROR(INDEX(DATA_MASTER!$C$2:$C$5000,MATCH($C2,DATA_MASTER!$D$2:$D$5000,0)),"Châu Mỹ Nhi")) | E2: =IF($C2="","",IFERROR(INDEX(DATA_MASTER!$I$2:$I$5000,MATCH($C2,DATA_MASTER!$D$2:$D$5000,0)),"")) | F2: =IF($C2="","",IFERROR(INDEX(DATA_MASTER!$L$2:$L$5000,MATCH($C2,DATA_MASTER!$D$2:$D$5000,0)),"ZM")) | G2: Sữa Aptamil 380g | H2: 1 | I2: 320000 | J2: =IF(OR($H2="",$I2=""),"",$H2*$I2) | K2: Chuyển khoản QR | L2: Đã chuyển khoản | M2: 15/9/2026 | N2: 0988318495 | O2: Châu Mỹ Nhi | P2: Sảnh B Tháp C1, chung cư Picity High Park, 9A Đường Thạnh Xuân 13, Thạnh Xuân, Quận 12 | Q2: Đã giao | R2: Voi Con | S2: =IF(AND($A2="",$C2=""),"",IF($A2="","Thiếu mã đơn; ","")&IF(COUNTIF($A$2:$A2,$A2)>1,"Trùng mã đơn; ","")&IF(COUNTIF($C$2:$C2,$C2)>1,"Trùng SĐT; ","")&IF(ISNA(MATCH($C2,DATA_MASTER!$D$2:$D$5000,0)),"SĐT chưa đăng ký hội viên; ","")&IF(AND($L2="Đã chuyển khoản",$M2=""),"Thiếu ngày nhận CK; ","")) | T2: ĐVVC: J&T | Mã VĐ: 801113029239 | POD: https://drive.google.com/drive/folders/14YqSb9mohXWUMATpBaLAocW_7uBLVQM8 | Bill: https://drive.google.com/drive/folders/1szwxYRL9ETmCmqj7BvAX8q8voLzWVEdM?usp=drive_link
A3: 2 | B3: 15/9/2026 | C3: 0911122888 | D3: =IF($C3="","",IFERROR(INDEX(DATA_MASTER!$C$2:$C$5000,MATCH($C3,DATA_MASTER!$D$2:$D$5000,0)),"Phạm Thị Ánh Ngọc")) | E3: =IF($C3="","",IFERROR(INDEX(DATA_MASTER!$I$2:$I$5000,MATCH($C3,DATA_MASTER!$D$2:$D$5000,0)),"")) | F3: =IF($C3="","",IFERROR(INDEX(DATA_MASTER!$L$2:$L$5000,MATCH($C3,DATA_MASTER!$D$2:$D$5000,0)),"ZM")) | G3: Sữa Aptamil 380g | H3: 1 | I3: 320000 | J3: =IF(OR($H3="",$I3=""),"",$H3*$I3) | K3: Chuyển khoản QR | L3: Đã chuyển khoản | M3: 15/9/2026 | N3: 0911122888 | O3: Phạm Thị Ánh Ngọc | P3: Lô B chung cư Bộ Công an, đường số 3, phường An Khánh, Quận Thủ Đức | Q3: Đã giao | R3: Voi Con | S3: =IF(AND($A3="",$C3=""),"",IF($A3="","Thiếu mã đơn; ","")&IF(COUNTIF($A$2:$A3,$A3)>1,"Trùng mã đơn; ","")&IF(COUNTIF($C$2:$C3,$C3)>1,"Trùng SĐT; ","")&IF(ISNA(MATCH($C3,DATA_MASTER!$D$2:$D$5000,0)),"SĐT chưa đăng ký hội viên; ","")&IF(AND($L3="Đã chuyển khoản",$M3=""),"Thiếu ngày nhận CK; ","")) | T3: ĐVVC: Ahamove | Mã VĐ: 775818591 | POD: https://drive.google.com/drive/folders/14YqSb9mohXWUMATpBaLAocW_7uBLVQM8 | Bill: Voi Con
A4: 3 | B4: 16/9/2026 | C4: 0776645191 | D4: =IF($C4="","",IFERROR(INDEX(DATA_MASTER!$C$2:$C$5000,MATCH($C4,DATA_MASTER!$D$2:$D$5000,0)),"Chị Nga")) | E4: =IF($C4="","",IFERROR(INDEX(DATA_MASTER!$I$2:$I$5000,MATCH($C4,DATA_MASTER!$D$2:$D$5000,0)),"")) | F4: =IF($C4="","",IFERROR(INDEX(DATA_MASTER!$L$2:$L$5000,MATCH($C4,DATA_MASTER!$D$2:$D$5000,0)),"ZM")) | G4: Sữa Aptamil 380g | H4: 1 | I4: 320000 | J4: =IF(OR($H4="",$I4=""),"",$H4*$I4) | K4: Chuyển khoản QR | L4: Đã chuyển khoản | M4: 16/9/2026 | N4: 0776645191 | O4: Chị Nga | P4: E11/18L ấp 48 Thới Hòa, xã Vĩnh Lộc, HCM, Bình Chánh | Q4: Đã giao | R4: Voi Con | S4: =IF(AND($A4="",$C4=""),"",IF($A4="","Thiếu mã đơn; ","")&IF(COUNTIF($A$2:$A4,$A4)>1,"Trùng mã đơn; ","")&IF(COUNTIF($C$2:$C4,$C4)>1,"Trùng SĐT; ","")&IF(ISNA(MATCH($C4,DATA_MASTER!$D$2:$D$5000,0)),"SĐT chưa đăng ký hội viên; ","")&IF(AND($L4="Đã chuyển khoản",$M4=""),"Thiếu ngày nhận CK; ","")) | T4: ĐVVC: J&T | Mã VĐ: 801113925129 | POD: https://drive.google.com/drive/folders/14YqSb9mohXWUMATpBaLAocW_7uBLVQM8 | Bill: Voi Con
A5: 4 | B5: 16/9/2026 | C5: 0963214847 | D5: =IF($C5="","",IFERROR(INDEX(DATA_MASTER!$C$2:$C$5000,MATCH($C5,DATA_MASTER!$D$2:$D$5000,0)),"Trần Như Quyên")) | E5: =IF($C5="","",IFERROR(INDEX(DATA_MASTER!$I$2:$I$5000,MATCH($C5,DATA_MASTER!$D$2:$D$5000,0)),"")) | F5: =IF($C5="","",IFERROR(INDEX(DATA_MASTER!$L$2:$L$5000,MATCH($C5,DATA_MASTER!$D$2:$D$5000,0)),"ZM")) | G5: Sữa Aptamil 380g | H5: 1 | I5: 320000 | J5: =IF(OR($H5="",$I5=""),"",$H5*$I5) | K5: Chuyển khoản QR | L5: Đã chuyển khoản | M5: 16/9/2026 | N5: 0963214847 | O5: Trần Như Quyên | P5: 66-68 Đường số 37 Phường Bình Trưng, Tp Thủ Đức | Q5: Đã giao | R5: Voi Con | S5: =IF(AND($A5="",$C5=""),"",IF($A5="","Thiếu mã đơn; ","")&IF(COUNTIF($A$2:$A5,$A5)>1,"Trùng mã đơn; ","")&IF(COUNTIF($C$2:$C5,$C5)>1,"Trùng SĐT; ","")&IF(ISNA(MATCH($C5,DATA_MASTER!$D$2:$D$5000,0)),"SĐT chưa đăng ký hội viên; ","")&IF(AND($L5="Đã chuyển khoản",$M5=""),"Thiếu ngày nhận CK; ","")) | T5: ĐVVC: Shipper riêng | Mã VĐ: 353282909 | POD: https://drive.google.com/drive/folders/14YqSb9mohXWUMATpBaLAocW_7uBLVQM8
A6: 5 | B6: 16/9/2026 | C6: 0938921181 | D6: =IF($C6="","",IFERROR(INDEX(DATA_MASTER!$C$2:$C$5000,MATCH($C6,DATA_MASTER!$D$2:$D$5000,0)),"Trần Phan Huyền Trân")) | E6: =IF($C6="","",IFERROR(INDEX(DATA_MASTER!$I$2:$I$5000,MATCH($C6,DATA_MASTER!$D$2:$D$5000,0)),"")) | F6: =IF($C6="","",IFERROR(INDEX(DATA_MASTER!$L$2:$L$5000,MATCH($C6,DATA_MASTER!$D$2:$D$5000,0)),"ZM")) | G6: Sữa Aptamil 380g | H6: 1 | I6: 320000 | J6: =IF(OR($H6="",$I6=""),"",$H6*$I6) | K6: Chuyển khoản QR | L6: Đã chuyển khoản | M6: 16/9/2026 | N6: 0938921181 | O6: Trần Phan Huyền Trân | P6: 199/8 đường 3/2, phường Vườn Lài | Q6: Đã giao | R6: Voi Con | S6: =IF(AND($A6="",$C6=""),"",IF($A6="","Thiếu mã đơn; ","")&IF(COUNTIF($A$2:$A6,$A6)>1,"Trùng mã đơn; ","")&IF(COUNTIF($C$2:$C6,$C6)>1,"Trùng SĐT; ","")&IF(ISNA(MATCH($C6,DATA_MASTER!$D$2:$D$5000,0)),"SĐT chưa đăng ký hội viên; ","")&IF(AND($L6="Đã chuyển khoản",$M6=""),"Thiếu ngày nhận CK; ","")) | T6: ĐVVC: Shipper riêng | Mã VĐ: 353282909 | POD: https://drive.google.com/drive/folders/14YqSb9mohXWUMATpBaLAocW_7uBLVQM8
A7: 6 | B7: 16/9/2026 | C7: 0569795552 | D7: =IF($C7="","",IFERROR(INDEX(DATA_MASTER!$C$2:$C$5000,MATCH($C7,DATA_MASTER!$D$2:$D$5000,0)),"Mỹ Linh")) | E7: =IF($C7="","",IFERROR(INDEX(DATA_MASTER!$I$2:$I$5000,MATCH($C7,DATA_MASTER!$D$2:$D$5000,0)),"")) | F7: =IF($C7="","",IFERROR(INDEX(DATA_MASTER!$L$2:$L$5000,MATCH($C7,DATA_MASTER!$D$2:$D$5000,0)),"ZM")) | G7: Sữa Aptamil 380g | H7: 1 | I7: 320000 | J7: =IF(OR($H7="",$I7=""),"",$H7*$I7) | K7: Chuyển khoản QR | L7: Đã chuyển khoản | M7: 16/9/2026 | N7: 0569795552 | O7: Mỹ Linh | P7: 8/48 đường Tân Hóa, phường 1, Quận 11 | Q7: Đã giao | R7: Voi Con | S7: =IF(AND($A7="",$C7=""),"",IF($A7="","Thiếu mã đơn; ","")&IF(COUNTIF($A$2:$A7,$A7)>1,"Trùng mã đơn; ","")&IF(COUNTIF($C$2:$C7,$C7)>1,"Trùng SĐT; ","")&IF(ISNA(MATCH($C7,DATA_MASTER!$D$2:$D$5000,0)),"SĐT chưa đăng ký hội viên; ","")&IF(AND($L7="Đã chuyển khoản",$M7=""),"Thiếu ngày nhận CK; ","")) | T7: ĐVVC: Shipper riêng | Mã VĐ: 353282909 | POD: https://drive.google.com/drive/folders/14YqSb9mohXWUMATpBaLAocW_7uBLVQM8
A8: 7 | B8: 16/9/2026 | C8: 0965301505 | D8: =IF($C8="","",IFERROR(INDEX(DATA_MASTER!$C$2:$C$5000,MATCH($C8,DATA_MASTER!$D$2:$D$5000,0)),"Trang Thanh")) | E8: =IF($C8="","",IFERROR(INDEX(DATA_MASTER!$I$2:$I$5000,MATCH($C8,DATA_MASTER!$D$2:$D$5000,0)),"")) | F8: =IF($C8="","",IFERROR(INDEX(DATA_MASTER!$L$2:$L$5000,MATCH($C8,DATA_MASTER!$D$2:$D$5000,0)),"ZM")) | G8: Sữa Aptamil 380g | H8: 1 | I8: 320000 | J8: =IF(OR($H8="",$I8=""),"",$H8*$I8) | K8: Chuyển khoản QR | L8: Đã chuyển khoản | M8: 16/9/2026 | N8: 0965301505 | O8: Trang Thanh | P8: 494/39 Phú Định, Phường Phú Định | Q8: Đã giao | R8: Voi Con | S8: =IF(AND($A8="",$C8=""),"",IF($A8="","Thiếu mã đơn; ","")&IF(COUNTIF($A$2:$A8,$A8)>1,"Trùng mã đơn; ","")&IF(COUNTIF($C$2:$C8,$C8)>1,"Trùng SĐT; ","")&IF(ISNA(MATCH($C8,DATA_MASTER!$D$2:$D$5000,0)),"SĐT chưa đăng ký hội viên; ","")&IF(AND($L8="Đã chuyển khoản",$M8=""),"Thiếu ngày nhận CK; ","")) | T8: ĐVVC: Shipper riêng | Mã VĐ: 353282909 | POD: https://drive.google.com/drive/folders/14YqSb9mohXWUMATpBaLAocW_7uBLVQM8
A9: 8 | B9: 16/9/2026 | C9: 0902861292 | D9: =IF($C9="","",IFERROR(INDEX(DATA_MASTER!$C$2:$C$5000,MATCH($C9,DATA_MASTER!$D$2:$D$5000,0)),"Chị Vân")) | E9: =IF($C9="","",IFERROR(INDEX(DATA_MASTER!$I$2:$I$5000,MATCH($C9,DATA_MASTER!$D$2:$D$5000,0)),"")) | F9: =IF($C9="","",IFERROR(INDEX(DATA_MASTER!$L$2:$L$5000,MATCH($C9,DATA_MASTER!$D$2:$D$5000,0)),"ZM")) | G9: Sữa Aptamil 380g | H9: 1 | I9: 320000 | J9: =IF(OR($H9="",$I9=""),"",$H9*$I9) | K9: Chuyển khoản QR | L9: Đã chuyển khoản | M9: 16/9/2026 | N9: 0902861292 | O9: Chị Vân | P9: 157/7/1C Dương Bá Trạc, P. Chánh Hưng | Q9: Đã giao | R9: Voi Con | S9: =IF(AND($A9="",$C9=""),"",IF($A9="","Thiếu mã đơn; ","")&IF(COUNTIF($A$2:$A9,$A9)>1,"Trùng mã đơn; ","")&IF(COUNTIF($C$2:$C9,$C9)>1,"Trùng SĐT; ","")&IF(ISNA(MATCH($C9,DATA_MASTER!$D$2:$D$5000,0)),"SĐT chưa đăng ký hội viên; ","")&IF(AND($L9="Đã chuyển khoản",$M9=""),"Thiếu ngày nhận CK; ","")) | T9: ĐVVC: Shipper riêng | Mã VĐ: 353282909 | POD: https://drive.google.com/drive/folders/14YqSb9mohXWUMATpBaLAocW_7uBLVQM8
A10: 9 | B10: 16/9/2026 | C10: 0392841426 | D10: =IF($C10="","",IFERROR(INDEX(DATA_MASTER!$C$2:$C$5000,MATCH($C10,DATA_MASTER!$D$2:$D$5000,0)),"Bảo Trân")) | E10: =IF($C10="","",IFERROR(INDEX(DATA_MASTER!$I$2:$I$5000,MATCH($C10,DATA_MASTER!$D$2:$D$5000,0)),"")) | F10: =IF($C10="","",IFERROR(INDEX(DATA_MASTER!$L$2:$L$5000,MATCH($C10,DATA_MASTER!$D$2:$D$5000,0)),"ZM")) | G10: Sữa Aptamil 380g | H10: 1 | I10: 320000 | J10: =IF(OR($H10="",$I10=""),"",$H10*$I10) | K10: Chuyển khoản QR | L10: Đã chuyển khoản | M10: 16/9/2026 | N10: 0392841426 | O10: Bảo Trân | P10: Số 20 đường 3413 Phạm Thế Hiển, phường Bình Đông | Q10: Đã giao | R10: Voi Con | S10: =IF(AND($A10="",$C10=""),"",IF($A10="","Thiếu mã đơn; ","")&IF(COUNTIF($A$2:$A10,$A10)>1,"Trùng mã đơn; ","")&IF(COUNTIF($C$2:$C10,$C10)>1,"Trùng SĐT; ","")&IF(ISNA(MATCH($C10,DATA_MASTER!$D$2:$D$5000,0)),"SĐT chưa đăng ký hội viên; ","")&IF(AND($L10="Đã chuyển khoản",$M10=""),"Thiếu ngày nhận CK; ","")) | T10: ĐVVC: Shipper riêng | Mã VĐ: 353282909 | POD: https://drive.google.com/drive/folders/14YqSb9mohXWUMATpBaLAocW_7uBLVQM8
A11: 10 | B11: 16/9/2026 | C11: 0559885077 | D11: =IF($C11="","",IFERROR(INDEX(DATA_MASTER!$C$2:$C$5000,MATCH($C11,DATA_MASTER!$D$2:$D$5000,0)),"Thanh Hằng")) | E11: =IF($C11="","",IFERROR(INDEX(DATA_MASTER!$I$2:$I$5000,MATCH($C11,DATA_MASTER!$D$2:$D$5000,0)),"")) | F11: =IF($C11="","",IFERROR(INDEX(DATA_MASTER!$L$2:$L$5000,MATCH($C11,DATA_MASTER!$D$2:$D$5000,0)),"ZM")) | G11: Sữa Aptamil 380g | H11: 1 | I11: 320000 | J11: =IF(OR($H11="",$I11=""),"",$H11*$I11) | K11: Chuyển khoản QR | L11: Đã chuyển khoản | M11: 16/9/2026 | N11: 0559885077 | O11: Thanh Hằng | P11: 62/5 đường số 7, Bình Hưng Hòa, Bình Tân | Q11: Đã giao | R11: Voi Con | S11: =IF(AND($A11="",$C11=""),"",IF($A11="","Thiếu mã đơn; ","")&IF(COUNTIF($A$2:$A11,$A11)>1,"Trùng mã đơn; ","")&IF(COUNTIF($C$2:$C11,$C11)>1,"Trùng SĐT; ","")&IF(ISNA(MATCH($C11,DATA_MASTER!$D$2:$D$5000,0)),"SĐT chưa đăng ký hội viên; ","")&IF(AND($L11="Đã chuyển khoản",$M11=""),"Thiếu ngày nhận CK; ","")) | T11: ĐVVC: Shipper riêng | Mã VĐ: 353282909 | POD: https://drive.google.com/drive/folders/14YqSb9mohXWUMATpBaLAocW_7uBLVQM8
A12: 11 | B12: 16/9/2026 | C12: 0909907606 | D12: =IF($C12="","",IFERROR(INDEX(DATA_MASTER!$C$2:$C$5000,MATCH($C12,DATA_MASTER!$D$2:$D$5000,0)),"Vũ Thanh Tuyền")) | E12: =IF($C12="","",IFERROR(INDEX(DATA_MASTER!$I$2:$I$5000,MATCH($C12,DATA_MASTER!$D$2:$D$5000,0)),"")) | F12: =IF($C12="","",IFERROR(INDEX(DATA_MASTER!$L$2:$L$5000,MATCH($C12,DATA_MASTER!$D$2:$D$5000,0)),"ZM")) | G12: Sữa Aptamil 380g | H12: 1 | I12: 320000 | J12: =IF(OR($H12="",$I12=""),"",$H12*$I12) | K12: Chuyển khoản QR | L12: Đã chuyển khoản | M12: 16/9/2026 | N12: 0909907606 | O12: Vũ Thanh Tuyền | P12: 66/78/47 Tô Hiến Thành, phường Hòa Hưng, Quận 10 | Q12: Đã giao | R12: Voi Con | S12: =IF(AND($A12="",$C12=""),"",IF($A12="","Thiếu mã đơn; ","")&IF(COUNTIF($A$2:$A12,$A12)>1,"Trùng mã đơn; ","")&IF(COUNTIF($C$2:$C12,$C12)>1,"Trùng SĐT; ","")&IF(ISNA(MATCH($C12,DATA_MASTER!$D$2:$D$5000,0)),"SĐT chưa đăng ký hội viên; ","")&IF(AND($L12="Đã chuyển khoản",$M12=""),"Thiếu ngày nhận CK; ","")) | T12: ĐVVC: Ahamove | Mã VĐ: 797039010 | POD: https://drive.google.com/drive/folders/14YqSb9mohXWUMATpBaLAocW_7uBLVQM8
A13: 12 | B13: 16/9/2026 | C13: 0938071186 | D13: =IF($C13="","",IFERROR(INDEX(DATA_MASTER!$C$2:$C$5000,MATCH($C13,DATA_MASTER!$D$2:$D$5000,0)),"Huỳnh Lê Ngọc Trâm")) | E13: =IF($C13="","",IFERROR(INDEX(DATA_MASTER!$I$2:$I$5000,MATCH($C13,DATA_MASTER!$D$2:$D$5000,0)),"")) | F13: =IF($C13="","",IFERROR(INDEX(DATA_MASTER!$L$2:$L$5000,MATCH($C13,DATA_MASTER!$D$2:$D$5000,0)),"ZM")) | G13: Sữa Aptamil 380g | H13: 1 | I13: 320000 | J13: =IF(OR($H13="",$I13=""),"",$H13*$I13) | K13: Chuyển khoản QR | L13: Đã chuyển khoản | M13: 16/9/2026 | N13: 0938071186 | O13: Huỳnh Lê Ngọc Trâm | P13: 80/30 Hoàng Ngân, phường Phú Định | Q13: Đã giao | R13: Voi Con | S13: =IF(AND($A13="",$C13=""),"",IF($A13="","Thiếu mã đơn; ","")&IF(COUNTIF($A$2:$A13,$A13)>1,"Trùng mã đơn; ","")&IF(COUNTIF($C$2:$C13,$C13)>1,"Trùng SĐT; ","")&IF(ISNA(MATCH($C13,DATA_MASTER!$D$2:$D$5000,0)),"SĐT chưa đăng ký hội viên; ","")&IF(AND($L13="Đã chuyển khoản",$M13=""),"Thiếu ngày nhận CK; ","")) | T13: ĐVVC: Shipper riêng | Mã VĐ: 353282909 | POD: https://drive.google.com/drive/folders/14YqSb9mohXWUMATpBaLAocW_7uBLVQM8
A14: 13 | B14: 16/9/2026 | C14: 0775614745 | D14: =IF($C14="","",IFERROR(INDEX(DATA_MASTER!$C$2:$C$5000,MATCH($C14,DATA_MASTER!$D$2:$D$5000,0)),"Mỹ Duyên")) | E14: =IF($C14="","",IFERROR(INDEX(DATA_MASTER!$I$2:$I$5000,MATCH($C14,DATA_MASTER!$D$2:$D$5000,0)),"")) | F14: =IF($C14="","",IFERROR(INDEX(DATA_MASTER!$L$2:$L$5000,MATCH($C14,DATA_MASTER!$D$2:$D$5000,0)),"ZM")) | G14: Sữa Aptamil 380g | H14: 1 | I14: 320000 | J14: =IF(OR($H14="",$I14=""),"",$H14*$I14) | K14: Chuyển khoản QR | L14: Đã chuyển khoản | M14: 16/9/2026 | N14: 0775614745 | O14: Mỹ Duyên | P14: Số 2 Phù Đổng Thiên Vương, phường Chợ Lớn | Q14: Đã giao | R14: Voi Con | S14: =IF(AND($A14="",$C14=""),"",IF($A14="","Thiếu mã đơn; ","")&IF(COUNTIF($A$2:$A14,$A14)>1,"Trùng mã đơn; ","")&IF(COUNTIF($C$2:$C14,$C14)>1,"Trùng SĐT; ","")&IF(ISNA(MATCH($C14,DATA_MASTER!$D$2:$D$5000,0)),"SĐT chưa đăng ký hội viên; ","")&IF(AND($L14="Đã chuyển khoản",$M14=""),"Thiếu ngày nhận CK; ","")) | T14: ĐVVC: Shipper riêng | Mã VĐ: 353282909 | POD: https://drive.google.com/drive/folders/14YqSb9mohXWUMATpBaLAocW_7uBLVQM8
A15: 14 | B15: 16/9/2026 | C15: 0368435969 | D15: =IF($C15="","",IFERROR(INDEX(DATA_MASTER!$C$2:$C$5000,MATCH($C15,DATA_MASTER!$D$2:$D$5000,0)),"Nguyễn Việt")) | E15: =IF($C15="","",IFERROR(INDEX(DATA_MASTER!$I$2:$I$5000,MATCH($C15,DATA_MASTER!$D$2:$D$5000,0)),"")) | F15: =IF($C15="","",IFERROR(INDEX(DATA_MASTER!$L$2:$L$5000,MATCH($C15,DATA_MASTER!$D$2:$D$5000,0)),"ZM")) | G15: Sữa Aptamil 380g | H15: 1 | I15: 320000 | J15: =IF(OR($H15="",$I15=""),"",$H15*$I15) | K15: Chuyển khoản QR | L15: Đã chuyển khoản | M15: 16/9/2026 | N15: 0368435969 | O15: Nguyễn Việt | P15: 637/10/33/75C Hà Huy Giáp, phường Thế An | Q15: Đã giao | R15: Voi Con | S15: =IF(AND($A15="",$C15=""),"",IF($A15="","Thiếu mã đơn; ","")&IF(COUNTIF($A$2:$A15,$A15)>1,"Trùng mã đơn; ","")&IF(COUNTIF($C$2:$C15,$C15)>1,"Trùng SĐT; ","")&IF(ISNA(MATCH($C15,DATA_MASTER!$D$2:$D$5000,0)),"SĐT chưa đăng ký hội viên; ","")&IF(AND($L15="Đã chuyển khoản",$M15=""),"Thiếu ngày nhận CK; ","")) | T15: ĐVVC: Shipper riêng | Mã VĐ: 353282909 | POD: https://drive.google.com/drive/folders/14YqSb9mohXWUMATpBaLAocW_7uBLVQM8
A16: 15 | B16: 21/9/2026 | C16: 0982091253 | D16: =IF($C16="","",IFERROR(INDEX(DATA_MASTER!$C$2:$C$5000,MATCH($C16,DATA_MASTER!$D$2:$D$5000,0)),"Phan Thị Trúc Mai")) | E16: =IF($C16="","",IFERROR(INDEX(DATA_MASTER!$I$2:$I$5000,MATCH($C16,DATA_MASTER!$D$2:$D$5000,0)),"")) | F16: =IF($C16="","",IFERROR(INDEX(DATA_MASTER!$L$2:$L$5000,MATCH($C16,DATA_MASTER!$D$2:$D$5000,0)),"ZM")) | G16: Sữa Aptamil 380g | H16: 1 | I16: 320000 | J16: =IF(OR($H16="",$I16=""),"",$H16*$I16) | K16: Chuyển khoản QR | L16: Đã chuyển khoản | M16: 21/9/2026 | N16: 0982091253 | O16: Phan Thị Trúc Mai | P16: 177/14/26 Nguyễn Thị Kiểu, Tân Thới Hiệp, Quận 12 | Q16: Đã giao | R16: Voi Con | S16: =IF(AND($A16="",$C16=""),"",IF($A16="","Thiếu mã đơn; ","")&IF(COUNTIF($A$2:$A16,$A16)>1,"Trùng mã đơn; ","")&IF(COUNTIF($C$2:$C16,$C16)>1,"Trùng SĐT; ","")&IF(ISNA(MATCH($C16,DATA_MASTER!$D$2:$D$5000,0)),"SĐT chưa đăng ký hội viên; ","")&IF(AND($L16="Đã chuyển khoản",$M16=""),"Thiếu ngày nhận CK; ","")) | T16: ĐVVC: J&T | Mã VĐ: 801113906404 | POD: https://drive.google.com/drive/folders/14YqSb9mohXWUMATpBaLAocW_7uBLVQM8 | Bill: https://drive.google.com/drive/folders/1szwxYRL9ETmCmqj7BvAX8q8voLzWVEdM
A17: 16 | B17: 21/9/2026 | C17: 0783316286 | D17: =IF($C17="","",IFERROR(INDEX(DATA_MASTER!$C$2:$C$5000,MATCH($C17,DATA_MASTER!$D$2:$D$5000,0)),"Lê Thị Kiều Diễm")) | E17: =IF($C17="","",IFERROR(INDEX(DATA_MASTER!$I$2:$I$5000,MATCH($C17,DATA_MASTER!$D$2:$D$5000,0)),"")) | F17: =IF($C17="","",IFERROR(INDEX(DATA_MASTER!$L$2:$L$5000,MATCH($C17,DATA_MASTER!$D$2:$D$5000,0)),"ZM")) | G17: Sữa Aptamil 380g | H17: 1 | I17: 320000 | J17: =IF(OR($H17="",$I17=""),"",$H17*$I17) | K17: Chuyển khoản QR | L17: Đã chuyển khoản | M17: 21/9/2026 | N17: 0783316286 | O17: Lê Thị Kiều Diễm | P17: 308/38/4 Nguyễn Tri Phương, phường 4, Quận 10 | Q17: Đã giao | R17: Voi Con | S17: =IF(AND($A17="",$C17=""),"",IF($A17="","Thiếu mã đơn; ","")&IF(COUNTIF($A$2:$A17,$A17)>1,"Trùng mã đơn; ","")&IF(COUNTIF($C$2:$C17,$C17)>1,"Trùng SĐT; ","")&IF(ISNA(MATCH($C17,DATA_MASTER!$D$2:$D$5000,0)),"SĐT chưa đăng ký hội viên; ","")&IF(AND($L17="Đã chuyển khoản",$M17=""),"Thiếu ngày nhận CK; ","")) | T17: ĐVVC: Shipper riêng | Mã VĐ: 373069124 | POD: https://drive.google.com/drive/folders/14YqSb9mohXWUMATpBaLAocW_7uBLVQM8
A18: 17 | B18: 21/9/2026 | C18: 0931970208 | D18: =IF($C18="","",IFERROR(INDEX(DATA_MASTER!$C$2:$C$5000,MATCH($C18,DATA_MASTER!$D$2:$D$5000,0)),"Tạ Thị Hồng Thắm")) | E18: =IF($C18="","",IFERROR(INDEX(DATA_MASTER!$I$2:$I$5000,MATCH($C18,DATA_MASTER!$D$2:$D$5000,0)),"")) | F18: =IF($C18="","",IFERROR(INDEX(DATA_MASTER!$L$2:$L$5000,MATCH($C18,DATA_MASTER!$D$2:$D$5000,0)),"ZM")) | G18: Sữa Aptamil 380g | H18: 1 | I18: 320000 | J18: =IF(OR($H18="",$I18=""),"",$H18*$I18) | K18: Chuyển khoản QR | L18: Đã chuyển khoản | M18: 21/9/2026 | N18: 0931970208 | O18: Tạ Thị Hồng Thắm | P18: 2435/11 Phạm Thế Hiển phường 7, Quận 8 | Q18: Đã giao | R18: Voi Con | S18: =IF(AND($A18="",$C18=""),"",IF($A18="","Thiếu mã đơn; ","")&IF(COUNTIF($A$2:$A18,$A18)>1,"Trùng mã đơn; ","")&IF(COUNTIF($C$2:$C18,$C18)>1,"Trùng SĐT; ","")&IF(ISNA(MATCH($C18,DATA_MASTER!$D$2:$D$5000,0)),"SĐT chưa đăng ký hội viên; ","")&IF(AND($L18="Đã chuyển khoản",$M18=""),"Thiếu ngày nhận CK; ","")) | T18: ĐVVC: Ahamove | Mã VĐ: 987653094 | POD: https://drive.google.com/drive/folders/14YqSb9mohXWUMATpBaLAocW_7uBLVQM8
A19: 18 | B19: 21/9/2026 | C19: 0395242156 | D19: =IF($C19="","",IFERROR(INDEX(DATA_MASTER!$C$2:$C$5000,MATCH($C19,DATA_MASTER!$D$2:$D$5000,0)),"Huỳnh Phạm Việt Thanh")) | E19: =IF($C19="","",IFERROR(INDEX(DATA_MASTER!$I$2:$I$5000,MATCH($C19,DATA_MASTER!$D$2:$D$5000,0)),"")) | F19: =IF($C19="","",IFERROR(INDEX(DATA_MASTER!$L$2:$L$5000,MATCH($C19,DATA_MASTER!$D$2:$D$5000,0)),"ZM")) | G19: Sữa Aptamil 380g | H19: 1 | I19: 320000 | J19: =IF(OR($H19="",$I19=""),"",$H19*$I19) | K19: Chuyển khoản QR | L19: Đã chuyển khoản | M19: 21/9/2026 | N19: 0395242156 | O19: Huỳnh Phạm Việt Thanh | P19: 235/2 Đường Võ Thị Sáu, Phường Võ Thị Sáu, Quận 3 | Q19: Đã giao | R19: Voi Con | S19: =IF(AND($A19="",$C19=""),"",IF($A19="","Thiếu mã đơn; ","")&IF(COUNTIF($A$2:$A19,$A19)>1,"Trùng mã đơn; ","")&IF(COUNTIF($C$2:$C19,$C19)>1,"Trùng SĐT; ","")&IF(ISNA(MATCH($C19,DATA_MASTER!$D$2:$D$5000,0)),"SĐT chưa đăng ký hội viên; ","")&IF(AND($L19="Đã chuyển khoản",$M19=""),"Thiếu ngày nhận CK; ","")) | T19: ĐVVC: Shipper riêng | Mã VĐ: 373069124 | POD: https://drive.google.com/drive/folders/14YqSb9mohXWUMATpBaLAocW_7uBLVQM8
A20: 19 | B20: 21/9/2026 | C20: 0936749364 | D20: =IF($C20="","",IFERROR(INDEX(DATA_MASTER!$C$2:$C$5000,MATCH($C20,DATA_MASTER!$D$2:$D$5000,0)),"Nguyễn Thị Thu Hiền")) | E20: =IF($C20="","",IFERROR(INDEX(DATA_MASTER!$I$2:$I$5000,MATCH($C20,DATA_MASTER!$D$2:$D$5000,0)),"")) | F20: =IF($C20="","",IFERROR(INDEX(DATA_MASTER!$L$2:$L$5000,MATCH($C20,DATA_MASTER!$D$2:$D$5000,0)),"ZM")) | G20: Sữa Aptamil 380g | H20: 1 | I20: 320000 | J20: =IF(OR($H20="",$I20=""),"",$H20*$I20) | K20: Chuyển khoản QR | L20: Đã chuyển khoản | M20: 21/9/2026 | N20: 0936749364 | O20: Nguyễn Thị Thu Hiền | P20: 39/43A Phú Thọ Phường 1, Quận 11 | Q20: Đã giao | R20: Voi Con | S20: =IF(AND($A20="",$C20=""),"",IF($A20="","Thiếu mã đơn; ","")&IF(COUNTIF($A$2:$A20,$A20)>1,"Trùng mã đơn; ","")&IF(COUNTIF($C$2:$C20,$C20)>1,"Trùng SĐT; ","")&IF(ISNA(MATCH($C20,DATA_MASTER!$D$2:$D$5000,0)),"SĐT chưa đăng ký hội viên; ","")&IF(AND($L20="Đã chuyển khoản",$M20=""),"Thiếu ngày nhận CK; ","")) | T20: ĐVVC: Shipper riêng | Mã VĐ: 373069124 | POD: https://drive.google.com/drive/folders/14YqSb9mohXWUMATpBaLAocW_7uBLVQM8
A21: 20 | B21: 21/9/2026 | C21: 0937418427 | D21: =IF($C21="","",IFERROR(INDEX(DATA_MASTER!$C$2:$C$5000,MATCH($C21,DATA_MASTER!$D$2:$D$5000,0)),"Trần Anh Thư")) | E21: =IF($C21="","",IFERROR(INDEX(DATA_MASTER!$I$2:$I$5000,MATCH($C21,DATA_MASTER!$D$2:$D$5000,0)),"")) | F21: =IF($C21="","",IFERROR(INDEX(DATA_MASTER!$L$2:$L$5000,MATCH($C21,DATA_MASTER!$D$2:$D$5000,0)),"ZM")) | G21: Sữa Aptamil 380g | H21: 1 | I21: 320000 | J21: =IF(OR($H21="",$I21=""),"",$H21*$I21) | K21: Chuyển khoản QR | L21: Đã chuyển khoản | M21: 21/9/2026 | N21: 0937418427 | O21: Trần Anh Thư | P21: 12A Núi Thành Phường 13, Tân Bình | Q21: Đã giao | R21: Voi Con | S21: =IF(AND($A21="",$C21=""),"",IF($A21="","Thiếu mã đơn; ","")&IF(COUNTIF($A$2:$A21,$A21)>1,"Trùng mã đơn; ","")&IF(COUNTIF($C$2:$C21,$C21)>1,"Trùng SĐT; ","")&IF(ISNA(MATCH($C21,DATA_MASTER!$D$2:$D$5000,0)),"SĐT chưa đăng ký hội viên; ","")&IF(AND($L21="Đã chuyển khoản",$M21=""),"Thiếu ngày nhận CK; ","")) | T21: ĐVVC: Ahamove | Mã VĐ: 987653094 | POD: https://drive.google.com/drive/folders/14YqSb9mohXWUMATpBaLAocW_7uBLVQM8
A22: 21 | B22: 21/9/2026 | C22: 0908442266 | D22: =IF($C22="","",IFERROR(INDEX(DATA_MASTER!$C$2:$C$5000,MATCH($C22,DATA_MASTER!$D$2:$D$5000,0)),"TRẦN HOÀNG VÂN THY")) | E22: =IF($C22="","",IFERROR(INDEX(DATA_MASTER!$I$2:$I$5000,MATCH($C22,DATA_MASTER!$D$2:$D$5000,0)),"")) | F22: =IF($C22="","",IFERROR(INDEX(DATA_MASTER!$L$2:$L$5000,MATCH($C22,DATA_MASTER!$D$2:$D$5000,0)),"ZM")) | G22: Sữa Aptamil 380g | H22: 1 | I22: 320000 | J22: =IF(OR($H22="",$I22=""),"",$H22*$I22) | K22: Chuyển khoản QR | L22: Đã chuyển khoản | M22: 21/9/2026 | N22: 0908442266 | O22: TRẦN HOÀNG VÂN THY | P22: 739/2L Xô Viết Nghệ Tĩnh,phường 26,, Bình Thạnh | Q22: Đã giao | R22: Voi Con | S22: =IF(AND($A22="",$C22=""),"",IF($A22="","Thiếu mã đơn; ","")&IF(COUNTIF($A$2:$A22,$A22)>1,"Trùng mã đơn; ","")&IF(COUNTIF($C$2:$C22,$C22)>1,"Trùng SĐT; ","")&IF(ISNA(MATCH($C22,DATA_MASTER!$D$2:$D$5000,0)),"SĐT chưa đăng ký hội viên; ","")&IF(AND($L22="Đã chuyển khoản",$M22=""),"Thiếu ngày nhận CK; ","")) | T22: ĐVVC: J&T | Mã VĐ: 801114128735 | POD: https://drive.google.com/drive/folders/14YqSb9mohXWUMATpBaLAocW_7uBLVQM8
A23: 22 | B23: 21/9/2026 | C23: 0559106900 | D23: =IF($C23="","",IFERROR(INDEX(DATA_MASTER!$C$2:$C$5000,MATCH($C23,DATA_MASTER!$D$2:$D$5000,0)),"Nguyễn Hoàng Thanh Loan")) | E23: =IF($C23="","",IFERROR(INDEX(DATA_MASTER!$I$2:$I$5000,MATCH($C23,DATA_MASTER!$D$2:$D$5000,0)),"")) | F23: =IF($C23="","",IFERROR(INDEX(DATA_MASTER!$L$2:$L$5000,MATCH($C23,DATA_MASTER!$D$2:$D$5000,0)),"ZM")) | G23: Sữa Aptamil 380g | H23: 1 | I23: 320000 | J23: =IF(OR($H23="",$I23=""),"",$H23*$I23) | K23: Chuyển khoản QR | L23: Đã chuyển khoản | M23: 21/9/2026 | N23: 0559106900 | O23: Nguyễn Hoàng Thanh Loan | P23: 1873/21bis phạm thế hiển , phường 6, Quận 8 | Q23: Đã giao | R23: Voi Con | S23: =IF(AND($A23="",$C23=""),"",IF($A23="","Thiếu mã đơn; ","")&IF(COUNTIF($A$2:$A23,$A23)>1,"Trùng mã đơn; ","")&IF(COUNTIF($C$2:$C23,$C23)>1,"Trùng SĐT; ","")&IF(ISNA(MATCH($C23,DATA_MASTER!$D$2:$D$5000,0)),"SĐT chưa đăng ký hội viên; ","")&IF(AND($L23="Đã chuyển khoản",$M23=""),"Thiếu ngày nhận CK; ","")) | T23: ĐVVC: J&T | Mã VĐ: 801114012723 | POD: https://drive.google.com/drive/folders/14YqSb9mohXWUMATpBaLAocW_7uBLVQM8
A24: 23 | B24: 21/9/2026 | C24: 0904455324 | D24: =IF($C24="","",IFERROR(INDEX(DATA_MASTER!$C$2:$C$5000,MATCH($C24,DATA_MASTER!$D$2:$D$5000,0)),"Lương Thúy Phương")) | E24: =IF($C24="","",IFERROR(INDEX(DATA_MASTER!$I$2:$I$5000,MATCH($C24,DATA_MASTER!$D$2:$D$5000,0)),"")) | F24: =IF($C24="","",IFERROR(INDEX(DATA_MASTER!$L$2:$L$5000,MATCH($C24,DATA_MASTER!$D$2:$D$5000,0)),"ZM")) | G24: Sữa Aptamil 380g | H24: 1 | I24: 320000 | J24: =IF(OR($H24="",$I24=""),"",$H24*$I24) | K24: Chuyển khoản QR | L24: Đã chuyển khoản | M24: 21/9/2026 | N24: 0904455324 | O24: Lương Thúy Phương | P24: 120/86/109 Thích Quảng Đức, P5, Phú Nhuận, | Q24: Đã giao | R24: Voi Con | S24: =IF(AND($A24="",$C24=""),"",IF($A24="","Thiếu mã đơn; ","")&IF(COUNTIF($A$2:$A24,$A24)>1,"Trùng mã đơn; ","")&IF(COUNTIF($C$2:$C24,$C24)>1,"Trùng SĐT; ","")&IF(ISNA(MATCH($C24,DATA_MASTER!$D$2:$D$5000,0)),"SĐT chưa đăng ký hội viên; ","")&IF(AND($L24="Đã chuyển khoản",$M24=""),"Thiếu ngày nhận CK; ","")) | T24: ĐVVC: J&T | Mã VĐ: 801113863848 | POD: https://drive.google.com/drive/folders/14YqSb9mohXWUMATpBaLAocW_7uBLVQM8
A25: 24 | B25: 21/9/2026 | C25: 0787129130 | D25: =IF($C25="","",IFERROR(INDEX(DATA_MASTER!$C$2:$C$5000,MATCH($C25,DATA_MASTER!$D$2:$D$5000,0)),"Trần Ngọc Hân")) | E25: =IF($C25="","",IFERROR(INDEX(DATA_MASTER!$I$2:$I$5000,MATCH($C25,DATA_MASTER!$D$2:$D$5000,0)),"")) | F25: =IF($C25="","",IFERROR(INDEX(DATA_MASTER!$L$2:$L$5000,MATCH($C25,DATA_MASTER!$D$2:$D$5000,0)),"ZM")) | G25: Sữa Aptamil 380g | H25: 1 | I25: 320000 | J25: =IF(OR($H25="",$I25=""),"",$H25*$I25) | K25: Chuyển khoản QR | L25: Đã chuyển khoản | M25: 21/9/2026 | N25: 0787129130 | O25: Trần Ngọc Hân | P25: 216/7/17 nguyễn văn công phường 3, Gò Vấp | Q25: Đã giao | R25: Voi Con | S25: =IF(AND($A25="",$C25=""),"",IF($A25="","Thiếu mã đơn; ","")&IF(COUNTIF($A$2:$A25,$A25)>1,"Trùng mã đơn; ","")&IF(COUNTIF($C$2:$C25,$C25)>1,"Trùng SĐT; ","")&IF(ISNA(MATCH($C25,DATA_MASTER!$D$2:$D$5000,0)),"SĐT chưa đăng ký hội viên; ","")&IF(AND($L25="Đã chuyển khoản",$M25=""),"Thiếu ngày nhận CK; ","")) | T25: ĐVVC: J&T | Mã VĐ: 801114115849 | POD: https://drive.google.com/drive/folders/14YqSb9mohXWUMATpBaLAocW_7uBLVQM8
A26: 25 | B26: 21/9/2026 | C26: 0971215227 | D26: =IF($C26="","",IFERROR(INDEX(DATA_MASTER!$C$2:$C$5000,MATCH($C26,DATA_MASTER!$D$2:$D$5000,0)),"Đỗ Ngọc Lan")) | E26: =IF($C26="","",IFERROR(INDEX(DATA_MASTER!$I$2:$I$5000,MATCH($C26,DATA_MASTER!$D$2:$D$5000,0)),"")) | F26: =IF($C26="","",IFERROR(INDEX(DATA_MASTER!$L$2:$L$5000,MATCH($C26,DATA_MASTER!$D$2:$D$5000,0)),"ZM")) | G26: Sữa Aptamil 380g | H26: 1 | I26: 320000 | J26: =IF(OR($H26="",$I26=""),"",$H26*$I26) | K26: Chuyển khoản QR | L26: Đã chuyển khoản | M26: 21/9/2026 | N26: 0971215227 | O26: Đỗ Ngọc Lan | P26: 2/47 đông hưng thuận 45 phường tân hưng thuận, Quận 12 | Q26: Đã giao | R26: Voi Con | S26: =IF(AND($A26="",$C26=""),"",IF($A26="","Thiếu mã đơn; ","")&IF(COUNTIF($A$2:$A26,$A26)>1,"Trùng mã đơn; ","")&IF(COUNTIF($C$2:$C26,$C26)>1,"Trùng SĐT; ","")&IF(ISNA(MATCH($C26,DATA_MASTER!$D$2:$D$5000,0)),"SĐT chưa đăng ký hội viên; ","")&IF(AND($L26="Đã chuyển khoản",$M26=""),"Thiếu ngày nhận CK; ","")) | T26: ĐVVC: J&T | Mã VĐ: 801113828613 | POD: https://drive.google.com/drive/folders/14YqSb9mohXWUMATpBaLAocW_7uBLVQM8
A27: 26 | B27: 21/9/2026 | C27: 0359186944 | D27: =IF($C27="","",IFERROR(INDEX(DATA_MASTER!$C$2:$C$5000,MATCH($C27,DATA_MASTER!$D$2:$D$5000,0)),"Nguyễn Thị Long Ẩn")) | E27: =IF($C27="","",IFERROR(INDEX(DATA_MASTER!$I$2:$I$5000,MATCH($C27,DATA_MASTER!$D$2:$D$5000,0)),"")) | F27: =IF($C27="","",IFERROR(INDEX(DATA_MASTER!$L$2:$L$5000,MATCH($C27,DATA_MASTER!$D$2:$D$5000,0)),"ZM")) | G27: Sữa Aptamil 380g | H27: 1 | I27: 320000 | J27: =IF(OR($H27="",$I27=""),"",$H27*$I27) | K27: Chuyển khoản QR | L27: Đã chuyển khoản | M27: 21/9/2026 | N27: 0359186944 | O27: Nguyễn Thị Long Ẩn | P27: 103/27/170 đường số 2- phường 3, Gò Vấp | Q27: Đã giao | R27: Voi Con | S27: =IF(AND($A27="",$C27=""),"",IF($A27="","Thiếu mã đơn; ","")&IF(COUNTIF($A$2:$A27,$A27)>1,"Trùng mã đơn; ","")&IF(COUNTIF($C$2:$C27,$C27)>1,"Trùng SĐT; ","")&IF(ISNA(MATCH($C27,DATA_MASTER!$D$2:$D$5000,0)),"SĐT chưa đăng ký hội viên; ","")&IF(AND($L27="Đã chuyển khoản",$M27=""),"Thiếu ngày nhận CK; ","")) | T27: ĐVVC: J&T | Mã VĐ: 801113894948 | POD: https://drive.google.com/drive/folders/14YqSb9mohXWUMATpBaLAocW_7uBLVQM8
A28: 27 | B28: 21/9/2026 | C28: 0906675597 | D28: =IF($C28="","",IFERROR(INDEX(DATA_MASTER!$C$2:$C$5000,MATCH($C28,DATA_MASTER!$D$2:$D$5000,0)),"ĐẶNG THỊ KIM NINH")) | E28: =IF($C28="","",IFERROR(INDEX(DATA_MASTER!$I$2:$I$5000,MATCH($C28,DATA_MASTER!$D$2:$D$5000,0)),"")) | F28: =IF($C28="","",IFERROR(INDEX(DATA_MASTER!$L$2:$L$5000,MATCH($C28,DATA_MASTER!$D$2:$D$5000,0)),"ZM")) | G28: Sữa Aptamil 380g | H28: 1 | I28: 320000 | J28: =IF(OR($H28="",$I28=""),"",$H28*$I28) | K28: Chuyển khoản QR | L28: Đã chuyển khoản | M28: 21/9/2026 | N28: 0906675597 | O28: ĐẶNG THỊ KIM NINH | P28: 161/1/6 đường TX14 phường thạnh xuân, Quận 12 | Q28: Đã giao | R28: Voi Con | S28: =IF(AND($A28="",$C28=""),"",IF($A28="","Thiếu mã đơn; ","")&IF(COUNTIF($A$2:$A28,$A28)>1,"Trùng mã đơn; ","")&IF(COUNTIF($C$2:$C28,$C28)>1,"Trùng SĐT; ","")&IF(ISNA(MATCH($C28,DATA_MASTER!$D$2:$D$5000,0)),"SĐT chưa đăng ký hội viên; ","")&IF(AND($L28="Đã chuyển khoản",$M28=""),"Thiếu ngày nhận CK; ","")) | T28: ĐVVC: J&T | Mã VĐ: 801113518548 | POD: https://drive.google.com/drive/folders/14YqSb9mohXWUMATpBaLAocW_7uBLVQM8
A29: 28 | B29: 21/9/2026 | C29: 0896878585 | D29: =IF($C29="","",IFERROR(INDEX(DATA_MASTER!$C$2:$C$5000,MATCH($C29,DATA_MASTER!$D$2:$D$5000,0)),"Nguyễn Tường Vi")) | E29: =IF($C29="","",IFERROR(INDEX(DATA_MASTER!$I$2:$I$5000,MATCH($C29,DATA_MASTER!$D$2:$D$5000,0)),"")) | F29: =IF($C29="","",IFERROR(INDEX(DATA_MASTER!$L$2:$L$5000,MATCH($C29,DATA_MASTER!$D$2:$D$5000,0)),"ZM")) | G29: Sữa Aptamil 380g | H29: 1 | I29: 320000 | J29: =IF(OR($H29="",$I29=""),"",$H29*$I29) | K29: Chuyển khoản QR | L29: Đã chuyển khoản | M29: 21/9/2026 | N29: 0896878585 | O29: Nguyễn Tường Vi | P29: 488 tỉnh lộ 15, ấp Bến Đình, xã Nhuận Đức, Củ Chi | Q29: Đã giao | R29: Voi Con | S29: =IF(AND($A29="",$C29=""),"",IF($A29="","Thiếu mã đơn; ","")&IF(COUNTIF($A$2:$A29,$A29)>1,"Trùng mã đơn; ","")&IF(COUNTIF($C$2:$C29,$C29)>1,"Trùng SĐT; ","")&IF(ISNA(MATCH($C29,DATA_MASTER!$D$2:$D$5000,0)),"SĐT chưa đăng ký hội viên; ","")&IF(AND($L29="Đã chuyển khoản",$M29=""),"Thiếu ngày nhận CK; ","")) | T29: ĐVVC: J&T | Mã VĐ: 801114054415 | POD: https://drive.google.com/drive/folders/14YqSb9mohXWUMATpBaLAocW_7uBLVQM8
A30: 29 | B30: 21/9/2026 | C30: 0942841858 | D30: =IF($C30="","",IFERROR(INDEX(DATA_MASTER!$C$2:$C$5000,MATCH($C30,DATA_MASTER!$D$2:$D$5000,0)),"Dương Hoàng Phương Vi")) | E30: =IF($C30="","",IFERROR(INDEX(DATA_MASTER!$I$2:$I$5000,MATCH($C30,DATA_MASTER!$D$2:$D$5000,0)),"")) | F30: =IF($C30="","",IFERROR(INDEX(DATA_MASTER!$L$2:$L$5000,MATCH($C30,DATA_MASTER!$D$2:$D$5000,0)),"ZM")) | G30: Sữa Aptamil 380g | H30: 1 | I30: 320000 | J30: =IF(OR($H30="",$I30=""),"",$H30*$I30) | K30: Chuyển khoản QR | L30: Đã chuyển khoản | M30: 21/9/2026 | N30: 0942841858 | O30: Dương Hoàng Phương Vi | P30: 124D đường số 32B (Khu Ao Sen), P. Bình Trị Đông B, Bình Tân | Q30: Đã giao | R30: Voi Con | S30: =IF(AND($A30="",$C30=""),"",IF($A30="","Thiếu mã đơn; ","")&IF(COUNTIF($A$2:$A30,$A30)>1,"Trùng mã đơn; ","")&IF(COUNTIF($C$2:$C30,$C30)>1,"Trùng SĐT; ","")&IF(ISNA(MATCH($C30,DATA_MASTER!$D$2:$D$5000,0)),"SĐT chưa đăng ký hội viên; ","")&IF(AND($L30="Đã chuyển khoản",$M30=""),"Thiếu ngày nhận CK; ","")) | T30: ĐVVC: J&T | Mã VĐ: 801113267714 | POD: https://drive.google.com/drive/folders/14YqSb9mohXWUMATpBaLAocW_7uBLVQM8
A31: 30 | B31: 21/9/2026 | C31: 0386879702 | D31: =IF($C31="","",IFERROR(INDEX(DATA_MASTER!$C$2:$C$5000,MATCH($C31,DATA_MASTER!$D$2:$D$5000,0)),"Trần Đan Khanh")) | E31: =IF($C31="","",IFERROR(INDEX(DATA_MASTER!$I$2:$I$5000,MATCH($C31,DATA_MASTER!$D$2:$D$5000,0)),"")) | F31: =IF($C31="","",IFERROR(INDEX(DATA_MASTER!$L$2:$L$5000,MATCH($C31,DATA_MASTER!$D$2:$D$5000,0)),"ZM")) | G31: Sữa Aptamil 380g | H31: 1 | I31: 320000 | J31: =IF(OR($H31="",$I31=""),"",$H31*$I31) | K31: Chuyển khoản QR | L31: Đã chuyển khoản | M31: 21/9/2026 | N31: 0386879702 | O31: Trần Đan Khanh | P31: 551/119/32C Lê Văn Khương, Phường Hiệp Thành, Quận 12 | Q31: Đã giao | R31: Voi Con | S31: =IF(AND($A31="",$C31=""),"",IF($A31="","Thiếu mã đơn; ","")&IF(COUNTIF($A$2:$A31,$A31)>1,"Trùng mã đơn; ","")&IF(COUNTIF($C$2:$C31,$C31)>1,"Trùng SĐT; ","")&IF(ISNA(MATCH($C31,DATA_MASTER!$D$2:$D$5000,0)),"SĐT chưa đăng ký hội viên; ","")&IF(AND($L31="Đã chuyển khoản",$M31=""),"Thiếu ngày nhận CK; ","")) | T31: ĐVVC: J&T | Mã VĐ: 801113880039 | POD: https://drive.google.com/drive/folders/14YqSb9mohXWUMATpBaLAocW_7uBLVQM8
A32: 31 | B32: 21/9/2026 | C32: 0908225588 | D32: =IF($C32="","",IFERROR(INDEX(DATA_MASTER!$C$2:$C$5000,MATCH($C32,DATA_MASTER!$D$2:$D$5000,0)),"Lê Ngọc Minh Thư")) | E32: =IF($C32="","",IFERROR(INDEX(DATA_MASTER!$I$2:$I$5000,MATCH($C32,DATA_MASTER!$D$2:$D$5000,0)),"")) | F32: =IF($C32="","",IFERROR(INDEX(DATA_MASTER!$L$2:$L$5000,MATCH($C32,DATA_MASTER!$D$2:$D$5000,0)),"ZM")) | G32: Sữa Aptamil 380g | H32: 1 | I32: 320000 | J32: =IF(OR($H32="",$I32=""),"",$H32*$I32) | K32: Chuyển khoản QR | L32: Đã chuyển khoản | M32: 21/9/2026 | N32: 0908225588 | O32: Lê Ngọc Minh Thư | P32: Sarimi A2, đường D9, An Khánh, Quận 2 | Q32: Đã giao | R32: Voi Con | S32: =IF(AND($A32="",$C32=""),"",IF($A32="","Thiếu mã đơn; ","")&IF(COUNTIF($A$2:$A32,$A32)>1,"Trùng mã đơn; ","")&IF(COUNTIF($C$2:$C32,$C32)>1,"Trùng SĐT; ","")&IF(ISNA(MATCH($C32,DATA_MASTER!$D$2:$D$5000,0)),"SĐT chưa đăng ký hội viên; ","")&IF(AND($L32="Đã chuyển khoản",$M32=""),"Thiếu ngày nhận CK; ","")) | T32: ĐVVC: J&T | Mã VĐ: 801113465690 | POD: https://drive.google.com/drive/folders/14YqSb9mohXWUMATpBaLAocW_7uBLVQM8
A33: 32 | B33: 21/9/2026 | C33: 0944731011 | D33: =IF($C33="","",IFERROR(INDEX(DATA_MASTER!$C$2:$C$5000,MATCH($C33,DATA_MASTER!$D$2:$D$5000,0)),"Ngô Thảo Tâm")) | E33: =IF($C33="","",IFERROR(INDEX(DATA_MASTER!$I$2:$I$5000,MATCH($C33,DATA_MASTER!$D$2:$D$5000,0)),"")) | F33: =IF($C33="","",IFERROR(INDEX(DATA_MASTER!$L$2:$L$5000,MATCH($C33,DATA_MASTER!$D$2:$D$5000,0)),"ZM")) | G33: Sữa Aptamil 380g | H33: 1 | I33: 320000 | J33: =IF(OR($H33="",$I33=""),"",$H33*$I33) | K33: Chuyển khoản QR | L33: Đã chuyển khoản | M33: 21/9/2026 | N33: 0944731011 | O33: Ngô Thảo Tâm | P33: 433 Đường Bình Mỹ, Xã Bình Mỹ, Xã Bình Mỹ, Củ Chi | Q33: Đã giao | R33: Voi Con | S33: =IF(AND($A33="",$C33=""),"",IF($A33="","Thiếu mã đơn; ","")&IF(COUNTIF($A$2:$A33,$A33)>1,"Trùng mã đơn; ","")&IF(COUNTIF($C$2:$C33,$C33)>1,"Trùng SĐT; ","")&IF(ISNA(MATCH($C33,DATA_MASTER!$D$2:$D$5000,0)),"SĐT chưa đăng ký hội viên; ","")&IF(AND($L33="Đã chuyển khoản",$M33=""),"Thiếu ngày nhận CK; ","")) | T33: ĐVVC: J&T | Mã VĐ: 801113829109 | POD: https://drive.google.com/drive/folders/14YqSb9mohXWUMATpBaLAocW_7uBLVQM8
A34: 33 | B34: 21/9/2026 | C34: 0336918645 | D34: =IF($C34="","",IFERROR(INDEX(DATA_MASTER!$C$2:$C$5000,MATCH($C34,DATA_MASTER!$D$2:$D$5000,0)),"Trần Trịnh Quỳnh Hoa")) | E34: =IF($C34="","",IFERROR(INDEX(DATA_MASTER!$I$2:$I$5000,MATCH($C34,DATA_MASTER!$D$2:$D$5000,0)),"")) | F34: =IF($C34="","",IFERROR(INDEX(DATA_MASTER!$L$2:$L$5000,MATCH($C34,DATA_MASTER!$D$2:$D$5000,0)),"ZM")) | G34: Sữa Aptamil 380g | H34: 1 | I34: 320000 | J34: =IF(OR($H34="",$I34=""),"",$H34*$I34) | K34: Chuyển khoản QR | L34: Đã chuyển khoản | M34: 21/9/2026 | N34: 0336918645 | O34: Trần Trịnh Quỳnh Hoa | P34: 19/16/4G đường Bàu Trâm, xã Trung An, Củ Chi | Q34: Đã giao | R34: Voi Con | S34: =IF(AND($A34="",$C34=""),"",IF($A34="","Thiếu mã đơn; ","")&IF(COUNTIF($A$2:$A34,$A34)>1,"Trùng mã đơn; ","")&IF(COUNTIF($C$2:$C34,$C34)>1,"Trùng SĐT; ","")&IF(ISNA(MATCH($C34,DATA_MASTER!$D$2:$D$5000,0)),"SĐT chưa đăng ký hội viên; ","")&IF(AND($L34="Đã chuyển khoản",$M34=""),"Thiếu ngày nhận CK; ","")) | T34: ĐVVC: J&T | Mã VĐ: 801113950095 | POD: https://drive.google.com/drive/folders/14YqSb9mohXWUMATpBaLAocW_7uBLVQM8
A35: 34 | B35: 21/9/2026 | C35: 0902847834 | D35: =IF($C35="","",IFERROR(INDEX(DATA_MASTER!$C$2:$C$5000,MATCH($C35,DATA_MASTER!$D$2:$D$5000,0)),"Lư Nguyệt Quế")) | E35: =IF($C35="","",IFERROR(INDEX(DATA_MASTER!$I$2:$I$5000,MATCH($C35,DATA_MASTER!$D$2:$D$5000,0)),"")) | F35: =IF($C35="","",IFERROR(INDEX(DATA_MASTER!$L$2:$L$5000,MATCH($C35,DATA_MASTER!$D$2:$D$5000,0)),"ZM")) | G35: Sữa Aptamil 380g | H35: 1 | I35: 320000 | J35: =IF(OR($H35="",$I35=""),"",$H35*$I35) | K35: Chuyển khoản QR | L35: Đã chuyển khoản | M35: 21/9/2026 | N35: 0902847834 | O35: Lư Nguyệt Quế | P35: 28/11 đường Liên Khu 8-9, Phường Bình Hưng Hoà A,, Bình Tân | Q35: Đã giao | R35: Voi Con | S35: =IF(AND($A35="",$C35=""),"",IF($A35="","Thiếu mã đơn; ","")&IF(COUNTIF($A$2:$A35,$A35)>1,"Trùng mã đơn; ","")&IF(COUNTIF($C$2:$C35,$C35)>1,"Trùng SĐT; ","")&IF(ISNA(MATCH($C35,DATA_MASTER!$D$2:$D$5000,0)),"SĐT chưa đăng ký hội viên; ","")&IF(AND($L35="Đã chuyển khoản",$M35=""),"Thiếu ngày nhận CK; ","")) | T35: ĐVVC: J&T | Mã VĐ: 801114043755 | POD: https://drive.google.com/drive/folders/14YqSb9mohXWUMATpBaLAocW_7uBLVQM8
A36: 35 | B36: 21/9/2026 | C36: 0924734621 | D36: =IF($C36="","",IFERROR(INDEX(DATA_MASTER!$C$2:$C$5000,MATCH($C36,DATA_MASTER!$D$2:$D$5000,0)),"Lương Diệu Hiền")) | E36: =IF($C36="","",IFERROR(INDEX(DATA_MASTER!$I$2:$I$5000,MATCH($C36,DATA_MASTER!$D$2:$D$5000,0)),"")) | F36: =IF($C36="","",IFERROR(INDEX(DATA_MASTER!$L$2:$L$5000,MATCH($C36,DATA_MASTER!$D$2:$D$5000,0)),"ZM")) | G36: Sữa Aptamil 380g | H36: 1 | I36: 320000 | J36: =IF(OR($H36="",$I36=""),"",$H36*$I36) | K36: Chuyển khoản QR | L36: Đã chuyển khoản | M36: 21/9/2026 | N36: 0924734621 | O36: Lương Diệu Hiền | P36: 172/7/1 Ấp 7, đường Đặng Thúc Vịnh, xã Đông Thạnh, Hóc Môn | Q36: Đã giao | R36: Voi Con | S36: =IF(AND($A36="",$C36=""),"",IF($A36="","Thiếu mã đơn; ","")&IF(COUNTIF($A$2:$A36,$A36)>1,"Trùng mã đơn; ","")&IF(COUNTIF($C$2:$C36,$C36)>1,"Trùng SĐT; ","")&IF(ISNA(MATCH($C36,DATA_MASTER!$D$2:$D$5000,0)),"SĐT chưa đăng ký hội viên; ","")&IF(AND($L36="Đã chuyển khoản",$M36=""),"Thiếu ngày nhận CK; ","")) | T36: ĐVVC: J&T | Mã VĐ: 801111922364 | POD: https://drive.google.com/drive/folders/14YqSb9mohXWUMATpBaLAocW_7uBLVQM8
A37: 36 | B37: 21/9/2026 | C37: 0901370868 | D37: =IF($C37="","",IFERROR(INDEX(DATA_MASTER!$C$2:$C$5000,MATCH($C37,DATA_MASTER!$D$2:$D$5000,0)),"Loan Lương")) | E37: =IF($C37="","",IFERROR(INDEX(DATA_MASTER!$I$2:$I$5000,MATCH($C37,DATA_MASTER!$D$2:$D$5000,0)),"")) | F37: =IF($C37="","",IFERROR(INDEX(DATA_MASTER!$L$2:$L$5000,MATCH($C37,DATA_MASTER!$D$2:$D$5000,0)),"ZM")) | G37: Sữa Aptamil 380g | H37: 1 | I37: 320000 | J37: =IF(OR($H37="",$I37=""),"",$H37*$I37) | K37: Chuyển khoản QR | L37: Đã chuyển khoản | M37: 21/9/2026 | N37: 0901370868 | O37: Loan Lương | P37: 205/19/7 đào sư tích xã phước kiểng, Nhà Bé | Q37: Đã giao | R37: Voi Con | S37: =IF(AND($A37="",$C37=""),"",IF($A37="","Thiếu mã đơn; ","")&IF(COUNTIF($A$2:$A37,$A37)>1,"Trùng mã đơn; ","")&IF(COUNTIF($C$2:$C37,$C37)>1,"Trùng SĐT; ","")&IF(ISNA(MATCH($C37,DATA_MASTER!$D$2:$D$5000,0)),"SĐT chưa đăng ký hội viên; ","")&IF(AND($L37="Đã chuyển khoản",$M37=""),"Thiếu ngày nhận CK; ","")) | T37: ĐVVC: J&T | Mã VĐ: 801113832129 | POD: https://drive.google.com/drive/folders/14YqSb9mohXWUMATpBaLAocW_7uBLVQM8
A38: 37 | B38: 21/9/2026 | C38: 0983683700 | D38: =IF($C38="","",IFERROR(INDEX(DATA_MASTER!$C$2:$C$5000,MATCH($C38,DATA_MASTER!$D$2:$D$5000,0)),"Lê Trà My")) | E38: =IF($C38="","",IFERROR(INDEX(DATA_MASTER!$I$2:$I$5000,MATCH($C38,DATA_MASTER!$D$2:$D$5000,0)),"")) | F38: =IF($C38="","",IFERROR(INDEX(DATA_MASTER!$L$2:$L$5000,MATCH($C38,DATA_MASTER!$D$2:$D$5000,0)),"ZM")) | G38: Sữa Aptamil 380g | H38: 1 | I38: 320000 | J38: =IF(OR($H38="",$I38=""),"",$H38*$I38) | K38: Chuyển khoản QR | L38: Chờ chuyển khoản | M38: 21/9/2026 | N38: 0983683700 | O38: Lê Trà My | P38: số 82, tổ 3, ấp Long Thọ, xã Long Hoà, Binh Dương | Q38: Chờ giao | R38: Long Châu | S38: =IF(AND($A38="",$C38=""),"",IF($A38="","Thiếu mã đơn; ","")&IF(COUNTIF($A$2:$A38,$A38)>1,"Trùng mã đơn; ","")&IF(COUNTIF($C$2:$C38,$C38)>1,"Trùng SĐT; ","")&IF(ISNA(MATCH($C38,DATA_MASTER!$D$2:$D$5000,0)),"SĐT chưa đăng ký hội viên; ","")&IF(AND($L38="Đã chuyển khoản",$M38=""),"Thiếu ngày nhận CK; ",""))
A39: 38 | B39: 21/9/2026 | C39: 0393345239 | D39: =IF($C39="","",IFERROR(INDEX(DATA_MASTER!$C$2:$C$5000,MATCH($C39,DATA_MASTER!$D$2:$D$5000,0)),"Hà Thị Thu Phương")) | E39: =IF($C39="","",IFERROR(INDEX(DATA_MASTER!$I$2:$I$5000,MATCH($C39,DATA_MASTER!$D$2:$D$5000,0)),"")) | F39: =IF($C39="","",IFERROR(INDEX(DATA_MASTER!$L$2:$L$5000,MATCH($C39,DATA_MASTER!$D$2:$D$5000,0)),"ZM")) | G39: Sữa Aptamil 380g | H39: 1 | I39: 320000 | J39: =IF(OR($H39="",$I39=""),"",$H39*$I39) | K39: Chuyển khoản QR | L39: Đã chuyển khoản | M39: 21/9/2026 | N39: 0393345239 | O39: Hà Thị Thu Phương | P39: Block 2-2 noxh định hoà, chánh hiệp, Binh Dương | Q39: Đã giao | R39: Long Châu | S39: =IF(AND($A39="",$C39=""),"",IF($A39="","Thiếu mã đơn; ","")&IF(COUNTIF($A$2:$A39,$A39)>1,"Trùng mã đơn; ","")&IF(COUNTIF($C$2:$C39,$C39)>1,"Trùng SĐT; ","")&IF(ISNA(MATCH($C39,DATA_MASTER!$D$2:$D$5000,0)),"SĐT chưa đăng ký hội viên; ","")&IF(AND($L39="Đã chuyển khoản",$M39=""),"Thiếu ngày nhận CK; ",""))
A40: 39 | B40: 21/9/2026 | C40: 0971259214 | D40: =IF($C40="","",IFERROR(INDEX(DATA_MASTER!$C$2:$C$5000,MATCH($C40,DATA_MASTER!$D$2:$D$5000,0)),"Đỗ Thị Nhã Linh")) | E40: =IF($C40="","",IFERROR(INDEX(DATA_MASTER!$I$2:$I$5000,MATCH($C40,DATA_MASTER!$D$2:$D$5000,0)),"")) | F40: =IF($C40="","",IFERROR(INDEX(DATA_MASTER!$L$2:$L$5000,MATCH($C40,DATA_MASTER!$D$2:$D$5000,0)),"ZM")) | G40: Sữa Aptamil 380g | H40: 1 | I40: 320000 | J40: =IF(OR($H40="",$I40=""),"",$H40*$I40) | K40: Chuyển khoản QR | L40: Đã chuyển khoản | M40: 21/9/2026 | N40: 0971259214 | O40: Đỗ Thị Nhã Linh | P40: 1459/13 Trần Quang Diệu, khu phố Tân Phước, phường Tân Đông Hiệp, Binh Dương | Q40: Đã giao | R40: Long Châu | S40: =IF(AND($A40="",$C40=""),"",IF($A40="","Thiếu mã đơn; ","")&IF(COUNTIF($A$2:$A40,$A40)>1,"Trùng mã đơn; ","")&IF(COUNTIF($C$2:$C40,$C40)>1,"Trùng SĐT; ","")&IF(ISNA(MATCH($C40,DATA_MASTER!$D$2:$D$5000,0)),"SĐT chưa đăng ký hội viên; ","")&IF(AND($L40="Đã chuyển khoản",$M40=""),"Thiếu ngày nhận CK; ",""))
A41: 40 | B41: 21/9/2026 | C41: 0984748123 | D41: =IF($C41="","",IFERROR(INDEX(DATA_MASTER!$C$2:$C$5000,MATCH($C41,DATA_MASTER!$D$2:$D$5000,0)),"Trịnh Minh Anh")) | E41: =IF($C41="","",IFERROR(INDEX(DATA_MASTER!$I$2:$I$5000,MATCH($C41,DATA_MASTER!$D$2:$D$5000,0)),"")) | F41: =IF($C41="","",IFERROR(INDEX(DATA_MASTER!$L$2:$L$5000,MATCH($C41,DATA_MASTER!$D$2:$D$5000,0)),"ZM")) | G41: Sữa Aptamil 380g | H41: 1 | I41: 320000 | J41: =IF(OR($H41="",$I41=""),"",$H41*$I41) | K41: Chuyển khoản QR | L41: Đã chuyển khoản | M41: 21/9/2026 | N41: 0984748123 | O41: Trịnh Minh Anh | P41: 99- hoàng bá bích- long bình, Đồng Nai | Q41: Đã giao | R41: Long Châu | S41: =IF(AND($A41="",$C41=""),"",IF($A41="","Thiếu mã đơn; ","")&IF(COUNTIF($A$2:$A41,$A41)>1,"Trùng mã đơn; ","")&IF(COUNTIF($C$2:$C41,$C41)>1,"Trùng SĐT; ","")&IF(ISNA(MATCH($C41,DATA_MASTER!$D$2:$D$5000,0)),"SĐT chưa đăng ký hội viên; ","")&IF(AND($L41="Đã chuyển khoản",$M41=""),"Thiếu ngày nhận CK; ",""))
A42: 41 | B42: 21/9/2026 | C42: 0921247456 | D42: =IF($C42="","",IFERROR(INDEX(DATA_MASTER!$C$2:$C$5000,MATCH($C42,DATA_MASTER!$D$2:$D$5000,0)),"Bùi Thị Lan Anh")) | E42: =IF($C42="","",IFERROR(INDEX(DATA_MASTER!$I$2:$I$5000,MATCH($C42,DATA_MASTER!$D$2:$D$5000,0)),"")) | F42: =IF($C42="","",IFERROR(INDEX(DATA_MASTER!$L$2:$L$5000,MATCH($C42,DATA_MASTER!$D$2:$D$5000,0)),"ZM")) | G42: Sữa Aptamil 380g | H42: 1 | I42: 320000 | J42: =IF(OR($H42="",$I42=""),"",$H42*$I42) | K42: Chuyển khoản QR | L42: Đã chuyển khoản | M42: 21/9/2026 | N42: 0921247456 | O42: Bùi Thị Lan Anh | P42: Tạp hoá Thư Ngân, thôn Kim Liên, xã Hải Châu, Nghệ An | Q42: Đã giao | R42: Long Châu | S42: =IF(AND($A42="",$C42=""),"",IF($A42="","Thiếu mã đơn; ","")&IF(COUNTIF($A$2:$A42,$A42)>1,"Trùng mã đơn; ","")&IF(COUNTIF($C$2:$C42,$C42)>1,"Trùng SĐT; ","")&IF(ISNA(MATCH($C42,DATA_MASTER!$D$2:$D$5000,0)),"SĐT chưa đăng ký hội viên; ","")&IF(AND($L42="Đã chuyển khoản",$M42=""),"Thiếu ngày nhận CK; ",""))
A43: 42 | B43: 21/9/2026 | C43: 0982432706 | D43: =IF($C43="","",IFERROR(INDEX(DATA_MASTER!$C$2:$C$5000,MATCH($C43,DATA_MASTER!$D$2:$D$5000,0)),"Nguyễn Dương Hà Thu")) | E43: =IF($C43="","",IFERROR(INDEX(DATA_MASTER!$I$2:$I$5000,MATCH($C43,DATA_MASTER!$D$2:$D$5000,0)),"")) | F43: =IF($C43="","",IFERROR(INDEX(DATA_MASTER!$L$2:$L$5000,MATCH($C43,DATA_MASTER!$D$2:$D$5000,0)),"ZM")) | G43: Sữa Aptamil 380g | H43: 1 | I43: 320000 | J43: =IF(OR($H43="",$I43=""),"",$H43*$I43) | K43: Chuyển khoản QR | L43: Đã chuyển khoản | M43: 21/9/2026 | N43: 0982432706 | O43: Nguyễn Dương Hà Thu | P43: 94/6, tổ 1, ấp Long Phước, xã Long Phước, Đồng Nai | Q43: Đã giao | R43: Long Châu | S43: =IF(AND($A43="",$C43=""),"",IF($A43="","Thiếu mã đơn; ","")&IF(COUNTIF($A$2:$A43,$A43)>1,"Trùng mã đơn; ","")&IF(COUNTIF($C$2:$C43,$C43)>1,"Trùng SĐT; ","")&IF(ISNA(MATCH($C43,DATA_MASTER!$D$2:$D$5000,0)),"SĐT chưa đăng ký hội viên; ","")&IF(AND($L43="Đã chuyển khoản",$M43=""),"Thiếu ngày nhận CK; ",""))
A44: 43 | B44: 21/9/2026 | C44: 0387335373 | D44: =IF($C44="","",IFERROR(INDEX(DATA_MASTER!$C$2:$C$5000,MATCH($C44,DATA_MASTER!$D$2:$D$5000,0)),"Trần Thị Cẩm Tú")) | E44: =IF($C44="","",IFERROR(INDEX(DATA_MASTER!$I$2:$I$5000,MATCH($C44,DATA_MASTER!$D$2:$D$5000,0)),"")) | F44: =IF($C44="","",IFERROR(INDEX(DATA_MASTER!$L$2:$L$5000,MATCH($C44,DATA_MASTER!$D$2:$D$5000,0)),"ZM")) | G44: Sữa Aptamil 380g | H44: 1 | I44: 320000 | J44: =IF(OR($H44="",$I44=""),"",$H44*$I44) | K44: Chuyển khoản QR | L44: Đã chuyển khoản | M44: 21/9/2026 | N44: 0387335373 | O44: Trần Thị Cẩm Tú | P44: 371 Bùi Thiện Ngộ. phường Rạch Dừa, Vũng Tàu | Q44: Đã giao | R44: Long Châu | S44: =IF(AND($A44="",$C44=""),"",IF($A44="","Thiếu mã đơn; ","")&IF(COUNTIF($A$2:$A44,$A44)>1,"Trùng mã đơn; ","")&IF(COUNTIF($C$2:$C44,$C44)>1,"Trùng SĐT; ","")&IF(ISNA(MATCH($C44,DATA_MASTER!$D$2:$D$5000,0)),"SĐT chưa đăng ký hội viên; ","")&IF(AND($L44="Đã chuyển khoản",$M44=""),"Thiếu ngày nhận CK; ",""))
A45: 44 | B45: 21/9/2026 | C45: 0342794617 | D45: =IF($C45="","",IFERROR(INDEX(DATA_MASTER!$C$2:$C$5000,MATCH($C45,DATA_MASTER!$D$2:$D$5000,0)),"Nguyễn Thị Phương Dung")) | E45: =IF($C45="","",IFERROR(INDEX(DATA_MASTER!$I$2:$I$5000,MATCH($C45,DATA_MASTER!$D$2:$D$5000,0)),"")) | F45: =IF($C45="","",IFERROR(INDEX(DATA_MASTER!$L$2:$L$5000,MATCH($C45,DATA_MASTER!$D$2:$D$5000,0)),"ZM")) | G45: Sữa Aptamil 380g | H45: 1 | I45: 320000 | J45: =IF(OR($H45="",$I45=""),"",$H45*$I45) | K45: Chuyển khoản QR | L45: Đã chuyển khoản | M45: 21/9/2026 | N45: 0342794617 | O45: Nguyễn Thị Phương Dung | P45: số nhà 144/16 đường Suối Quýt,(sát tạp hoá Tuyến, cổng màu cam) tổ 1, ấp Suối Quýt, xã Xuân Đường, Đồng Nai | Q45: Đã giao | R45: Long Châu | S45: =IF(AND($A45="",$C45=""),"",IF($A45="","Thiếu mã đơn; ","")&IF(COUNTIF($A$2:$A45,$A45)>1,"Trùng mã đơn; ","")&IF(COUNTIF($C$2:$C45,$C45)>1,"Trùng SĐT; ","")&IF(ISNA(MATCH($C45,DATA_MASTER!$D$2:$D$5000,0)),"SĐT chưa đăng ký hội viên; ","")&IF(AND($L45="Đã chuyển khoản",$M45=""),"Thiếu ngày nhận CK; ",""))
A46: 45 | B46: 22/9/2026 | C46: 0906930125 | D46: =IF($C46="","",IFERROR(INDEX(DATA_MASTER!$C$2:$C$5000,MATCH($C46,DATA_MASTER!$D$2:$D$5000,0)),"Chị Hương")) | E46: =IF($C46="","",IFERROR(INDEX(DATA_MASTER!$I$2:$I$5000,MATCH($C46,DATA_MASTER!$D$2:$D$5000,0)),"")) | F46: =IF($C46="","",IFERROR(INDEX(DATA_MASTER!$L$2:$L$5000,MATCH($C46,DATA_MASTER!$D$2:$D$5000,0)),"ZM")) | G46: Sữa Aptamil 380g | H46: 1 | I46: 320000 | J46: =IF(OR($H46="",$I46=""),"",$H46*$I46) | K46: Chuyển khoản QR | L46: Đã chuyển khoản | M46: 22/9/2026 | N46: 0906930125 | O46: Chị Hương | P46: 84 Nguyễn Du, Phường Sài Gòn | Q46: Đã giao | R46: Voi Con | S46: =IF(AND($A46="",$C46=""),"",IF($A46="","Thiếu mã đơn; ","")&IF(COUNTIF($A$2:$A46,$A46)>1,"Trùng mã đơn; ","")&IF(COUNTIF($C$2:$C46,$C46)>1,"Trùng SĐT; ","")&IF(ISNA(MATCH($C46,DATA_MASTER!$D$2:$D$5000,0)),"SĐT chưa đăng ký hội viên; ","")&IF(AND($L46="Đã chuyển khoản",$M46=""),"Thiếu ngày nhận CK; ","")) | T46: ĐVVC: J&T | Mã VĐ: 801113537909 | POD: https://drive.google.com/drive/folders/14YqSb9mohXWUMATpBaLAocW_7uBLVQM8
A47: 46 | B47: 22/9/2026 | C47: 0325920532 | D47: =IF($C47="","",IFERROR(INDEX(DATA_MASTER!$C$2:$C$5000,MATCH($C47,DATA_MASTER!$D$2:$D$5000,0)),"Vũ Hồng Nhung")) | E47: =IF($C47="","",IFERROR(INDEX(DATA_MASTER!$I$2:$I$5000,MATCH($C47,DATA_MASTER!$D$2:$D$5000,0)),"")) | F47: =IF($C47="","",IFERROR(INDEX(DATA_MASTER!$L$2:$L$5000,MATCH($C47,DATA_MASTER!$D$2:$D$5000,0)),"ZM")) | G47: Sữa Aptamil 380g | H47: 1 | I47: 320000 | J47: =IF(OR($H47="",$I47=""),"",$H47*$I47) | K47: Chuyển khoản QR | L47: Đã chuyển khoản | M47: 22/9/2026 | N47: 0325920532 | O47: Vũ Hồng Nhung | P47: 58,đường nhuệ giang,thôn thuỷ phú,xã chuyên mỹ, Hà Nội | Q47: Đã giao | R47: Mẹ Ơi | S47: =IF(AND($A47="",$C47=""),"",IF($A47="","Thiếu mã đơn; ","")&IF(COUNTIF($A$2:$A47,$A47)>1,"Trùng mã đơn; ","")&IF(COUNTIF($C$2:$C47,$C47)>1,"Trùng SĐT; ","")&IF(ISNA(MATCH($C47,DATA_MASTER!$D$2:$D$5000,0)),"SĐT chưa đăng ký hội viên; ","")&IF(AND($L47="Đã chuyển khoản",$M47=""),"Thiếu ngày nhận CK; ","")) | T47: ĐVVC: spx | Mã VĐ: SPXVN062799166699 | Bill: https://drive.google.com/drive/folders/1cQLK9r-TZCzE-J1NdD0qL9t7cDhbV1oF
A48: 47 | B48: 22/9/2026 | C48: 0364343818 | D48: =IF($C48="","",IFERROR(INDEX(DATA_MASTER!$C$2:$C$5000,MATCH($C48,DATA_MASTER!$D$2:$D$5000,0)),"Lê Thuý Anh")) | E48: =IF($C48="","",IFERROR(INDEX(DATA_MASTER!$I$2:$I$5000,MATCH($C48,DATA_MASTER!$D$2:$D$5000,0)),"")) | F48: =IF($C48="","",IFERROR(INDEX(DATA_MASTER!$L$2:$L$5000,MATCH($C48,DATA_MASTER!$D$2:$D$5000,0)),"ZM")) | G48: Sữa Aptamil 380g | H48: 1 | I48: 320000 | J48: =IF(OR($H48="",$I48=""),"",$H48*$I48) | K48: Chuyển khoản QR | L48: Đã chuyển khoản | M48: 22/9/2026 | N48: 0364343818 | O48: Lê Thuý Anh | P48: Thửa đất số 264;269, Tờ bản đồ số 24, Tổ 13, Yên Nghĩa, Hà Nội | Q48: Đã giao | R48: Mẹ Ơi | S48: =IF(AND($A48="",$C48=""),"",IF($A48="","Thiếu mã đơn; ","")&IF(COUNTIF($A$2:$A48,$A48)>1,"Trùng mã đơn; ","")&IF(COUNTIF($C$2:$C48,$C48)>1,"Trùng SĐT; ","")&IF(ISNA(MATCH($C48,DATA_MASTER!$D$2:$D$5000,0)),"SĐT chưa đăng ký hội viên; ","")&IF(AND($L48="Đã chuyển khoản",$M48=""),"Thiếu ngày nhận CK; ","")) | T48: ĐVVC: spx | Mã VĐ: SPXVN061272686379
A49: 48 | B49: 22/9/2026 | C49: 0394039819 | D49: =IF($C49="","",IFERROR(INDEX(DATA_MASTER!$C$2:$C$5000,MATCH($C49,DATA_MASTER!$D$2:$D$5000,0)),"Chị Trang")) | E49: =IF($C49="","",IFERROR(INDEX(DATA_MASTER!$I$2:$I$5000,MATCH($C49,DATA_MASTER!$D$2:$D$5000,0)),"")) | F49: =IF($C49="","",IFERROR(INDEX(DATA_MASTER!$L$2:$L$5000,MATCH($C49,DATA_MASTER!$D$2:$D$5000,0)),"ZM")) | G49: Sữa Aptamil 380g | H49: 1 | I49: 320000 | J49: =IF(OR($H49="",$I49=""),"",$H49*$I49) | K49: Chuyển khoản QR | L49: Đã chuyển khoản | M49: 22/9/2026 | N49: 0394039819 | O49: Chị Trang | P49: Số nhà 66,đường nhuệ giang,thôn thuỷ phú,xã chuyên mỹ, Hà Nội | Q49: Đã giao | R49: Sữa 3 Tốt | S49: =IF(AND($A49="",$C49=""),"",IF($A49="","Thiếu mã đơn; ","")&IF(COUNTIF($A$2:$A49,$A49)>1,"Trùng mã đơn; ","")&IF(COUNTIF($C$2:$C49,$C49)>1,"Trùng SĐT; ","")&IF(ISNA(MATCH($C49,DATA_MASTER!$D$2:$D$5000,0)),"SĐT chưa đăng ký hội viên; ","")&IF(AND($L49="Đã chuyển khoản",$M49=""),"Thiếu ngày nhận CK; ","")) | T49: ĐVVC: Viettel Post | Mã VĐ: 153001360099 | POD: https://drive.google.com/file/d/1trqXvL7e4m2XIhWucWNf9G5xG4E3VHox/view?usp=drive_link | Bill: https://drive.google.com/drive/folders/1gkQio0VljZLl3iZYlL9W3HMp1otkCm_w
A50: 49 | B50: 22/9/2026 | C50: 0916503869 | D50: =IF($C50="","",IFERROR(INDEX(DATA_MASTER!$C$2:$C$5000,MATCH($C50,DATA_MASTER!$D$2:$D$5000,0)),"Chị Nhung")) | E50: =IF($C50="","",IFERROR(INDEX(DATA_MASTER!$I$2:$I$5000,MATCH($C50,DATA_MASTER!$D$2:$D$5000,0)),"")) | F50: =IF($C50="","",IFERROR(INDEX(DATA_MASTER!$L$2:$L$5000,MATCH($C50,DATA_MASTER!$D$2:$D$5000,0)),"ZM")) | G50: Sữa Aptamil 380g | H50: 1 | I50: 320000 | J50: =IF(OR($H50="",$I50=""),"",$H50*$I50) | K50: Chuyển khoản QR | L50: Đã chuyển khoản | M50: 22/9/2026 | N50: 0916503869 | O50: Chị Nhung | P50: L4A-119 chung cư hoàng huy, tổ dân phố Vĩnh Hợp, An Hải, Hải Phòng | Q50: Chờ giao | R50: Ababy | S50: =IF(AND($A50="",$C50=""),"",IF($A50="","Thiếu mã đơn; ","")&IF(COUNTIF($A$2:$A50,$A50)>1,"Trùng mã đơn; ","")&IF(COUNTIF($C$2:$C50,$C50)>1,"Trùng SĐT; ","")&IF(ISNA(MATCH($C50,DATA_MASTER!$D$2:$D$5000,0)),"SĐT chưa đăng ký hội viên; ","")&IF(AND($L50="Đã chuyển khoản",$M50=""),"Thiếu ngày nhận CK; ","")) | T50: ĐVVC: [4] Đã giao hàng | Mã VĐ: 23/9/2026 | POD: Shipper riêng | Bill: https://drive.google.com/drive/folders/12kul6YKLh3Pirh9IMpTdNdWV9h4MaTPZ
A51: 50 | B51: 22/9/2026 | C51: 0396432399 | D51: =IF($C51="","",IFERROR(INDEX(DATA_MASTER!$C$2:$C$5000,MATCH($C51,DATA_MASTER!$D$2:$D$5000,0)),"Chị Nhung")) | E51: =IF($C51="","",IFERROR(INDEX(DATA_MASTER!$I$2:$I$5000,MATCH($C51,DATA_MASTER!$D$2:$D$5000,0)),"")) | F51: =IF($C51="","",IFERROR(INDEX(DATA_MASTER!$L$2:$L$5000,MATCH($C51,DATA_MASTER!$D$2:$D$5000,0)),"ZM")) | G51: Sữa Aptamil 380g | H51: 1 | I51: 320000 | J51: =IF(OR($H51="",$I51=""),"",$H51*$I51) | K51: Chuyển khoản QR | L51: Đã chuyển khoản | M51: 22/9/2026 | N51: 0396432399 | O51: Chị Nhung | P51: 27 Lê Văn Lương - Thanh Xuân, Hà Nội | Q51: Đã giao | R51: Sữa 3 Tốt | S51: =IF(AND($A51="",$C51=""),"",IF($A51="","Thiếu mã đơn; ","")&IF(COUNTIF($A$2:$A51,$A51)>1,"Trùng mã đơn; ","")&IF(COUNTIF($C$2:$C51,$C51)>1,"Trùng SĐT; ","")&IF(ISNA(MATCH($C51,DATA_MASTER!$D$2:$D$5000,0)),"SĐT chưa đăng ký hội viên; ","")&IF(AND($L51="Đã chuyển khoản",$M51=""),"Thiếu ngày nhận CK; ","")) | T51: ĐVVC: Viettel Post | Mã VĐ: 153001488137 | POD: https://drive.google.com/file/d/19Xz9JgAbBMLSNR956zJ8GSn8xEvX75UZ/view?usp=drive_link | Bill: https://drive.google.com/drive/folders/1gkQio0VljZLl3iZYlL9W3HMp1otkCm_w
A52: 51 | B52: 22/9/2026 | C52: 0971849678 | D52: =IF($C52="","",IFERROR(INDEX(DATA_MASTER!$C$2:$C$5000,MATCH($C52,DATA_MASTER!$D$2:$D$5000,0)),"Mai Phương")) | E52: =IF($C52="","",IFERROR(INDEX(DATA_MASTER!$I$2:$I$5000,MATCH($C52,DATA_MASTER!$D$2:$D$5000,0)),"")) | F52: =IF($C52="","",IFERROR(INDEX(DATA_MASTER!$L$2:$L$5000,MATCH($C52,DATA_MASTER!$D$2:$D$5000,0)),"ZM")) | G52: Sữa Aptamil 380g | H52: 1 | I52: 320000 | J52: =IF(OR($H52="",$I52=""),"",$H52*$I52) | K52: Chuyển khoản QR | L52: Đã chuyển khoản | M52: 22/9/2026 | N52: 0971849678 | O52: Mai Phương | P52: 190, hoàng bá bích, long bình, Đồng Nai | Q52: Đã giao | R52: Long Châu | S52: =IF(AND($A52="",$C52=""),"",IF($A52="","Thiếu mã đơn; ","")&IF(COUNTIF($A$2:$A52,$A52)>1,"Trùng mã đơn; ","")&IF(COUNTIF($C$2:$C52,$C52)>1,"Trùng SĐT; ","")&IF(ISNA(MATCH($C52,DATA_MASTER!$D$2:$D$5000,0)),"SĐT chưa đăng ký hội viên; ","")&IF(AND($L52="Đã chuyển khoản",$M52=""),"Thiếu ngày nhận CK; ",""))
A53: 52 | B53: 22/9/2026 | C53: 0868227708 | D53: =IF($C53="","",IFERROR(INDEX(DATA_MASTER!$C$2:$C$5000,MATCH($C53,DATA_MASTER!$D$2:$D$5000,0)),"Huyền Trân")) | E53: =IF($C53="","",IFERROR(INDEX(DATA_MASTER!$I$2:$I$5000,MATCH($C53,DATA_MASTER!$D$2:$D$5000,0)),"")) | F53: =IF($C53="","",IFERROR(INDEX(DATA_MASTER!$L$2:$L$5000,MATCH($C53,DATA_MASTER!$D$2:$D$5000,0)),"ZM")) | G53: Sữa Aptamil 380g | H53: 1 | I53: 320000 | J53: =IF(OR($H53="",$I53=""),"",$H53*$I53) | K53: Chuyển khoản QR | L53: Đã chuyển khoản | M53: 22/9/2026 | N53: 0868227708 | O53: Huyền Trân | P53: 1163/7 Hà Hoàng Hổ, Phường Mỹ Hoà, Long Xuyên, An Giang | Q53: Đã giao | R53: Long Châu | S53: =IF(AND($A53="",$C53=""),"",IF($A53="","Thiếu mã đơn; ","")&IF(COUNTIF($A$2:$A53,$A53)>1,"Trùng mã đơn; ","")&IF(COUNTIF($C$2:$C53,$C53)>1,"Trùng SĐT; ","")&IF(ISNA(MATCH($C53,DATA_MASTER!$D$2:$D$5000,0)),"SĐT chưa đăng ký hội viên; ","")&IF(AND($L53="Đã chuyển khoản",$M53=""),"Thiếu ngày nhận CK; ",""))
A54: 53 | B54: 22/9/2026 | C54: 0785887668 | D54: =IF($C54="","",IFERROR(INDEX(DATA_MASTER!$C$2:$C$5000,MATCH($C54,DATA_MASTER!$D$2:$D$5000,0)),"Trần thị kim thoa")) | E54: =IF($C54="","",IFERROR(INDEX(DATA_MASTER!$I$2:$I$5000,MATCH($C54,DATA_MASTER!$D$2:$D$5000,0)),"")) | F54: =IF($C54="","",IFERROR(INDEX(DATA_MASTER!$L$2:$L$5000,MATCH($C54,DATA_MASTER!$D$2:$D$5000,0)),"ZM")) | G54: Sữa Aptamil 380g | H54: 1 | I54: 320000 | J54: =IF(OR($H54="",$I54=""),"",$H54*$I54) | K54: Chuyển khoản QR | L54: Đã chuyển khoản | M54: 22/9/2026 | N54: 0785887668 | O54: Trần thị kim thoa | P54: 449 Lê văn việt phường tăng nhơn phú | Q54: Đã giao | R54: Voi Con | S54: =IF(AND($A54="",$C54=""),"",IF($A54="","Thiếu mã đơn; ","")&IF(COUNTIF($A$2:$A54,$A54)>1,"Trùng mã đơn; ","")&IF(COUNTIF($C$2:$C54,$C54)>1,"Trùng SĐT; ","")&IF(ISNA(MATCH($C54,DATA_MASTER!$D$2:$D$5000,0)),"SĐT chưa đăng ký hội viên; ","")&IF(AND($L54="Đã chuyển khoản",$M54=""),"Thiếu ngày nhận CK; ","")) | T54: ĐVVC: J&T | Mã VĐ: 801114147503 | POD: https://drive.google.com/drive/folders/14YqSb9mohXWUMATpBaLAocW_7uBLVQM8 | Bill: https://drive.google.com/drive/folders/1szwxYRL9ETmCmqj7BvAX8q8voLzWVEdM
A55: 54 | B55: 23/9/2026 | C55: 0939932737 | D55: =IF($C55="","",IFERROR(INDEX(DATA_MASTER!$C$2:$C$5000,MATCH($C55,DATA_MASTER!$D$2:$D$5000,0)),"Nguyễn Thị Kim Châu")) | E55: =IF($C55="","",IFERROR(INDEX(DATA_MASTER!$I$2:$I$5000,MATCH($C55,DATA_MASTER!$D$2:$D$5000,0)),"")) | F55: =IF($C55="","",IFERROR(INDEX(DATA_MASTER!$L$2:$L$5000,MATCH($C55,DATA_MASTER!$D$2:$D$5000,0)),"ZM")) | G55: Sữa Aptamil 380g | H55: 1 | I55: 320000 | J55: =IF(OR($H55="",$I55=""),"",$H55*$I55) | K55: Chuyển khoản QR | L55: Đã chuyển khoản | M55: 23/9/2026 | N55: 0939932737 | O55: Nguyễn Thị Kim Châu | P55: 02, tổ 66, kv9, phường hưng phú, Cần Thơ | Q55: Đã giao | R55: Nhà Của Gạo | S55: =IF(AND($A55="",$C55=""),"",IF($A55="","Thiếu mã đơn; ","")&IF(COUNTIF($A$2:$A55,$A55)>1,"Trùng mã đơn; ","")&IF(COUNTIF($C$2:$C55,$C55)>1,"Trùng SĐT; ","")&IF(ISNA(MATCH($C55,DATA_MASTER!$D$2:$D$5000,0)),"SĐT chưa đăng ký hội viên; ","")&IF(AND($L55="Đã chuyển khoản",$M55=""),"Thiếu ngày nhận CK; ","")) | T55: Bill: https://drive.google.com/drive/folders/1oVg7f8sxciyNWufQVdeQqRnWYKGXufhm
A56: 55 | B56: 23/9/2026 | C56: 0828407207 | D56: =IF($C56="","",IFERROR(INDEX(DATA_MASTER!$C$2:$C$5000,MATCH($C56,DATA_MASTER!$D$2:$D$5000,0)),"Nguyễn Thị Ngọc Châu")) | E56: =IF($C56="","",IFERROR(INDEX(DATA_MASTER!$I$2:$I$5000,MATCH($C56,DATA_MASTER!$D$2:$D$5000,0)),"")) | F56: =IF($C56="","",IFERROR(INDEX(DATA_MASTER!$L$2:$L$5000,MATCH($C56,DATA_MASTER!$D$2:$D$5000,0)),"ZM")) | G56: Sữa Aptamil 380g | H56: 1 | I56: 320000 | J56: =IF(OR($H56="",$I56=""),"",$H56*$I56) | K56: Chuyển khoản QR | L56: Đã chuyển khoản | M56: 23/9/2026 | N56: 0828407207 | O56: Nguyễn Thị Ngọc Châu | P56: số 4, KDC Miền Nam, Hưng Phú, Cần Thơ | Q56: Đã giao | R56: Nhà Của Gạo | S56: =IF(AND($A56="",$C56=""),"",IF($A56="","Thiếu mã đơn; ","")&IF(COUNTIF($A$2:$A56,$A56)>1,"Trùng mã đơn; ","")&IF(COUNTIF($C$2:$C56,$C56)>1,"Trùng SĐT; ","")&IF(ISNA(MATCH($C56,DATA_MASTER!$D$2:$D$5000,0)),"SĐT chưa đăng ký hội viên; ","")&IF(AND($L56="Đã chuyển khoản",$M56=""),"Thiếu ngày nhận CK; ",""))
A57: 56 | B57: 23/9/2026 | C57: 0839134225 | D57: =IF($C57="","",IFERROR(INDEX(DATA_MASTER!$C$2:$C$5000,MATCH($C57,DATA_MASTER!$D$2:$D$5000,0)),"Nguyễn Ngọc Nguyệt Minh")) | E57: =IF($C57="","",IFERROR(INDEX(DATA_MASTER!$I$2:$I$5000,MATCH($C57,DATA_MASTER!$D$2:$D$5000,0)),"")) | F57: =IF($C57="","",IFERROR(INDEX(DATA_MASTER!$L$2:$L$5000,MATCH($C57,DATA_MASTER!$D$2:$D$5000,0)),"ZM")) | G57: Sữa Aptamil 380g | H57: 1 | I57: 320000 | J57: =IF(OR($H57="",$I57=""),"",$H57*$I57) | K57: Chuyển khoản QR | L57: Đã chuyển khoản | M57: 23/9/2026 | N57: 0839134225 | O57: Nguyễn Ngọc Nguyệt Minh | P57: 4/6/2026 16 Đinh Tiên Hoàng, Thới Bình, Ninh Kiều, Cần Thơ | Q57: Đã giao | R57: Nhà Của Gạo | S57: =IF(AND($A57="",$C57=""),"",IF($A57="","Thiếu mã đơn; ","")&IF(COUNTIF($A$2:$A57,$A57)>1,"Trùng mã đơn; ","")&IF(COUNTIF($C$2:$C57,$C57)>1,"Trùng SĐT; ","")&IF(ISNA(MATCH($C57,DATA_MASTER!$D$2:$D$5000,0)),"SĐT chưa đăng ký hội viên; ","")&IF(AND($L57="Đã chuyển khoản",$M57=""),"Thiếu ngày nhận CK; ",""))
A58: 57 | B58: 23/9/2026 | C58: 0911777171 | D58: =IF($C58="","",IFERROR(INDEX(DATA_MASTER!$C$2:$C$5000,MATCH($C58,DATA_MASTER!$D$2:$D$5000,0)),"Mạch Như Ngọc")) | E58: =IF($C58="","",IFERROR(INDEX(DATA_MASTER!$I$2:$I$5000,MATCH($C58,DATA_MASTER!$D$2:$D$5000,0)),"")) | F58: =IF($C58="","",IFERROR(INDEX(DATA_MASTER!$L$2:$L$5000,MATCH($C58,DATA_MASTER!$D$2:$D$5000,0)),"ZM")) | G58: Sữa Aptamil 380g | H58: 1 | I58: 320000 | J58: =IF(OR($H58="",$I58=""),"",$H58*$I58) | K58: Chuyển khoản QR | L58: Đã chuyển khoản | M58: 23/9/2026 | N58: 0911777171 | O58: Mạch Như Ngọc | P58: D79 Kdc dầu khí long tuyền, Cần Thơ | Q58: Đã giao | R58: Thế Giới Sơ Sinh | S58: =IF(AND($A58="",$C58=""),"",IF($A58="","Thiếu mã đơn; ","")&IF(COUNTIF($A$2:$A58,$A58)>1,"Trùng mã đơn; ","")&IF(COUNTIF($C$2:$C58,$C58)>1,"Trùng SĐT; ","")&IF(ISNA(MATCH($C58,DATA_MASTER!$D$2:$D$5000,0)),"SĐT chưa đăng ký hội viên; ","")&IF(AND($L58="Đã chuyển khoản",$M58=""),"Thiếu ngày nhận CK; ","")) | T58: Bill: https://drive.google.com/drive/folders/1W8bQQwxUHpuF5fl7wI2xTsZs2jM40sKL
A59: 58 | B59: 23/9/2026 | C59: 0918724572 | D59: =IF($C59="","",IFERROR(INDEX(DATA_MASTER!$C$2:$C$5000,MATCH($C59,DATA_MASTER!$D$2:$D$5000,0)),"Hồ Khánh Vân")) | E59: =IF($C59="","",IFERROR(INDEX(DATA_MASTER!$I$2:$I$5000,MATCH($C59,DATA_MASTER!$D$2:$D$5000,0)),"")) | F59: =IF($C59="","",IFERROR(INDEX(DATA_MASTER!$L$2:$L$5000,MATCH($C59,DATA_MASTER!$D$2:$D$5000,0)),"ZM")) | G59: Sữa Aptamil 380g | H59: 1 | I59: 320000 | J59: =IF(OR($H59="",$I59=""),"",$H59*$I59) | K59: Chuyển khoản QR | L59: Đã chuyển khoản | M59: 23/9/2026 | N59: 0918724572 | O59: Hồ Khánh Vân | P59: 31 đường số 10, KDC Diệu Hiền, P. Hưng Phú, Cần Thơ | Q59: Đã giao | R59: Thế Giới Sơ Sinh | S59: =IF(AND($A59="",$C59=""),"",IF($A59="","Thiếu mã đơn; ","")&IF(COUNTIF($A$2:$A59,$A59)>1,"Trùng mã đơn; ","")&IF(COUNTIF($C$2:$C59,$C59)>1,"Trùng SĐT; ","")&IF(ISNA(MATCH($C59,DATA_MASTER!$D$2:$D$5000,0)),"SĐT chưa đăng ký hội viên; ","")&IF(AND($L59="Đã chuyển khoản",$M59=""),"Thiếu ngày nhận CK; ",""))
A60: 59 | B60: 23/9/2026 | C60: 0948985765 | D60: =IF($C60="","",IFERROR(INDEX(DATA_MASTER!$C$2:$C$5000,MATCH($C60,DATA_MASTER!$D$2:$D$5000,0)),"Trịnh Kim Biên")) | E60: =IF($C60="","",IFERROR(INDEX(DATA_MASTER!$I$2:$I$5000,MATCH($C60,DATA_MASTER!$D$2:$D$5000,0)),"")) | F60: =IF($C60="","",IFERROR(INDEX(DATA_MASTER!$L$2:$L$5000,MATCH($C60,DATA_MASTER!$D$2:$D$5000,0)),"ZM")) | G60: Sữa Aptamil 380g | H60: 1 | I60: 320000 | J60: =IF(OR($H60="",$I60=""),"",$H60*$I60) | K60: Chuyển khoản QR | L60: Đã chuyển khoản | M60: 23/9/2026 | N60: 0948985765 | O60: Trịnh Kim Biên | P60: Số 11 đường F4 KDC Bình Nhựt, Cần Thơ | Q60: Đã giao | R60: Nous Baby | S60: =IF(AND($A60="",$C60=""),"",IF($A60="","Thiếu mã đơn; ","")&IF(COUNTIF($A$2:$A60,$A60)>1,"Trùng mã đơn; ","")&IF(COUNTIF($C$2:$C60,$C60)>1,"Trùng SĐT; ","")&IF(ISNA(MATCH($C60,DATA_MASTER!$D$2:$D$5000,0)),"SĐT chưa đăng ký hội viên; ","")&IF(AND($L60="Đã chuyển khoản",$M60=""),"Thiếu ngày nhận CK; ","")) | T60: ĐVVC: Shipper riêng | Mã VĐ: 899651310 | POD: https://drive.google.com/file/d/18RvBvTEvjOFdxfYOPa5PXwQP0DzUXGPq/view?usp=sharing | Bill: https://drive.google.com/drive/folders/1qp44Hjd8O9FjsDDWJdgyUEy1RufK-w2W
A61: 60 | B61: 23/9/2026 | C61: 0386975013 | D61: =IF($C61="","",IFERROR(INDEX(DATA_MASTER!$C$2:$C$5000,MATCH($C61,DATA_MASTER!$D$2:$D$5000,0)),"Nguyễn Thị Thuỳ Nhung")) | E61: =IF($C61="","",IFERROR(INDEX(DATA_MASTER!$I$2:$I$5000,MATCH($C61,DATA_MASTER!$D$2:$D$5000,0)),"")) | F61: =IF($C61="","",IFERROR(INDEX(DATA_MASTER!$L$2:$L$5000,MATCH($C61,DATA_MASTER!$D$2:$D$5000,0)),"ZM")) | G61: Sữa Aptamil 380g | H61: 1 | I61: 320000 | J61: =IF(OR($H61="",$I61=""),"",$H61*$I61) | K61: Chuyển khoản QR | L61: Chờ chuyển khoản | M61: 23/9/2026 | N61: 0386975013 | O61: Nguyễn Thị Thuỳ Nhung | P61: Số 2, đường số 9, kdc Hồng Phát, An Bình, Cần Thơ | Q61: Chờ giao | R61: Nous Baby | S61: =IF(AND($A61="",$C61=""),"",IF($A61="","Thiếu mã đơn; ","")&IF(COUNTIF($A$2:$A61,$A61)>1,"Trùng mã đơn; ","")&IF(COUNTIF($C$2:$C61,$C61)>1,"Trùng SĐT; ","")&IF(ISNA(MATCH($C61,DATA_MASTER!$D$2:$D$5000,0)),"SĐT chưa đăng ký hội viên; ","")&IF(AND($L61="Đã chuyển khoản",$M61=""),"Thiếu ngày nhận CK; ",""))
A62: 61 | B62: 23/9/2026 | C62: 0369608882 | D62: =IF($C62="","",IFERROR(INDEX(DATA_MASTER!$C$2:$C$5000,MATCH($C62,DATA_MASTER!$D$2:$D$5000,0)),"Lâm Thị Hương Ly")) | E62: =IF($C62="","",IFERROR(INDEX(DATA_MASTER!$I$2:$I$5000,MATCH($C62,DATA_MASTER!$D$2:$D$5000,0)),"")) | F62: =IF($C62="","",IFERROR(INDEX(DATA_MASTER!$L$2:$L$5000,MATCH($C62,DATA_MASTER!$D$2:$D$5000,0)),"ZM")) | G62: Sữa Aptamil 380g | H62: 1 | I62: 320000 | J62: =IF(OR($H62="",$I62=""),"",$H62*$I62) | K62: Chuyển khoản QR | L62: Chờ chuyển khoản | M62: 23/9/2026 | N62: 0369608882 | O62: Lâm Thị Hương Ly | P62: Nhà văn hóa Đồng Quang, An Dương,, Hải Phòng | Q62: Chờ giao | R62: Ababy | S62: =IF(AND($A62="",$C62=""),"",IF($A62="","Thiếu mã đơn; ","")&IF(COUNTIF($A$2:$A62,$A62)>1,"Trùng mã đơn; ","")&IF(COUNTIF($C$2:$C62,$C62)>1,"Trùng SĐT; ","")&IF(ISNA(MATCH($C62,DATA_MASTER!$D$2:$D$5000,0)),"SĐT chưa đăng ký hội viên; ","")&IF(AND($L62="Đã chuyển khoản",$M62=""),"Thiếu ngày nhận CK; ","")) | T62: ĐVVC: [4] Đã giao hàng | Mã VĐ: 24/9/2026 | POD: Shipper riêng
A63: 62 | B63: 23/9/2026 | C63: 0962561425 | D63: =IF($C63="","",IFERROR(INDEX(DATA_MASTER!$C$2:$C$5000,MATCH($C63,DATA_MASTER!$D$2:$D$5000,0)),"Nguyễn Thị Đoan Trang")) | E63: =IF($C63="","",IFERROR(INDEX(DATA_MASTER!$I$2:$I$5000,MATCH($C63,DATA_MASTER!$D$2:$D$5000,0)),"")) | F63: =IF($C63="","",IFERROR(INDEX(DATA_MASTER!$L$2:$L$5000,MATCH($C63,DATA_MASTER!$D$2:$D$5000,0)),"ZM")) | G63: Sữa Aptamil 380g | H63: 1 | I63: 320000 | J63: =IF(OR($H63="",$I63=""),"",$H63*$I63) | K63: Chuyển khoản QR | L63: Chờ chuyển khoản | M63: 23/9/2026 | N63: 0962561425 | O63: Nguyễn Thị Đoan Trang | P63: 18 venice 18 Vinhome Imperia, Hồng Bàng, Hải Phòng | Q63: Chờ giao | R63: Ababy | S63: =IF(AND($A63="",$C63=""),"",IF($A63="","Thiếu mã đơn; ","")&IF(COUNTIF($A$2:$A63,$A63)>1,"Trùng mã đơn; ","")&IF(COUNTIF($C$2:$C63,$C63)>1,"Trùng SĐT; ","")&IF(ISNA(MATCH($C63,DATA_MASTER!$D$2:$D$5000,0)),"SĐT chưa đăng ký hội viên; ","")&IF(AND($L63="Đã chuyển khoản",$M63=""),"Thiếu ngày nhận CK; ","")) | T63: ĐVVC: [4] Đã giao hàng | Mã VĐ: 24/9/2026 | POD: Shipper riêng
A64: 63 | B64: 23/9/2026 | C64: 0931802142 | D64: =IF($C64="","",IFERROR(INDEX(DATA_MASTER!$C$2:$C$5000,MATCH($C64,DATA_MASTER!$D$2:$D$5000,0)),"Nguyễn Bình Thiên Nga")) | E64: =IF($C64="","",IFERROR(INDEX(DATA_MASTER!$I$2:$I$5000,MATCH($C64,DATA_MASTER!$D$2:$D$5000,0)),"")) | F64: =IF($C64="","",IFERROR(INDEX(DATA_MASTER!$L$2:$L$5000,MATCH($C64,DATA_MASTER!$D$2:$D$5000,0)),"ZM")) | G64: Sữa Aptamil 380g | H64: 1 | I64: 320000 | J64: =IF(OR($H64="",$I64=""),"",$H64*$I64) | K64: Chuyển khoản QR | L64: Đã chuyển khoản | M64: 23/9/2026 | N64: 0931802142 | O64: Nguyễn Bình Thiên Nga | P64: 214/c52/5 Nguyễn Trãi, phường Nguyễn Cư Trinh,, Quận 1 | Q64: Đã giao | R64: Voi Con | S64: =IF(AND($A64="",$C64=""),"",IF($A64="","Thiếu mã đơn; ","")&IF(COUNTIF($A$2:$A64,$A64)>1,"Trùng mã đơn; ","")&IF(COUNTIF($C$2:$C64,$C64)>1,"Trùng SĐT; ","")&IF(ISNA(MATCH($C64,DATA_MASTER!$D$2:$D$5000,0)),"SĐT chưa đăng ký hội viên; ","")&IF(AND($L64="Đã chuyển khoản",$M64=""),"Thiếu ngày nhận CK; ","")) | T64: ĐVVC: J&T | Mã VĐ: 801113581301 | POD: https://drive.google.com/drive/folders/14YqSb9mohXWUMATpBaLAocW_7uBLVQM8 | Bill: https://drive.google.com/drive/folders/1szwxYRL9ETmCmqj7BvAX8q8voLzWVEdM
A65: 64 | B65: 23/9/2026 | C65: 0869606889 | D65: =IF($C65="","",IFERROR(INDEX(DATA_MASTER!$C$2:$C$5000,MATCH($C65,DATA_MASTER!$D$2:$D$5000,0)),"Chị Huyền")) | E65: =IF($C65="","",IFERROR(INDEX(DATA_MASTER!$I$2:$I$5000,MATCH($C65,DATA_MASTER!$D$2:$D$5000,0)),"")) | F65: =IF($C65="","",IFERROR(INDEX(DATA_MASTER!$L$2:$L$5000,MATCH($C65,DATA_MASTER!$D$2:$D$5000,0)),"ZM")) | G65: Sữa Aptamil 380g | H65: 1 | I65: 320000 | J65: =IF(OR($H65="",$I65=""),"",$H65*$I65) | K65: Chuyển khoản QR | L65: Đã chuyển khoản | M65: 23/9/2026 | N65: 0869606889 | O65: Chị Huyền | P65: số 19A - Cụm 1/Thôn Phú Thịnh - Xã Phú Cát, Hà Nội | Q65: Đã giao | R65: Mẹ Ơi | S65: =IF(AND($A65="",$C65=""),"",IF($A65="","Thiếu mã đơn; ","")&IF(COUNTIF($A$2:$A65,$A65)>1,"Trùng mã đơn; ","")&IF(COUNTIF($C$2:$C65,$C65)>1,"Trùng SĐT; ","")&IF(ISNA(MATCH($C65,DATA_MASTER!$D$2:$D$5000,0)),"SĐT chưa đăng ký hội viên; ","")&IF(AND($L65="Đã chuyển khoản",$M65=""),"Thiếu ngày nhận CK; ","")) | T65: ĐVVC: spx | Mã VĐ: SPXVN066962060829 | Bill: https://drive.google.com/drive/folders/1cQLK9r-TZCzE-J1NdD0qL9t7cDhbV1oF
A66: 65 | B66: 24/9/2026 | C66: 0941903229 | D66: =IF($C66="","",IFERROR(INDEX(DATA_MASTER!$C$2:$C$5000,MATCH($C66,DATA_MASTER!$D$2:$D$5000,0)),"Chị Hiền")) | E66: =IF($C66="","",IFERROR(INDEX(DATA_MASTER!$I$2:$I$5000,MATCH($C66,DATA_MASTER!$D$2:$D$5000,0)),"")) | F66: =IF($C66="","",IFERROR(INDEX(DATA_MASTER!$L$2:$L$5000,MATCH($C66,DATA_MASTER!$D$2:$D$5000,0)),"ZM")) | G66: Sữa Aptamil 380g | H66: 1 | I66: 320000 | J66: =IF(OR($H66="",$I66=""),"",$H66*$I66) | K66: Chuyển khoản QR | L66: Đã chuyển khoản | M66: 24/9/2026 | N66: 0941903229 | O66: Chị Hiền | P66: Toà R4 A, KĐ Golmark city, Hà Nội | Q66: Đã giao | R66: Mẹ Ơi | S66: =IF(AND($A66="",$C66=""),"",IF($A66="","Thiếu mã đơn; ","")&IF(COUNTIF($A$2:$A66,$A66)>1,"Trùng mã đơn; ","")&IF(COUNTIF($C$2:$C66,$C66)>1,"Trùng SĐT; ","")&IF(ISNA(MATCH($C66,DATA_MASTER!$D$2:$D$5000,0)),"SĐT chưa đăng ký hội viên; ","")&IF(AND($L66="Đã chuyển khoản",$M66=""),"Thiếu ngày nhận CK; ","")) | T66: ĐVVC: spx | Mã VĐ: SPXVN069595175579 | Bill: https://drive.google.com/drive/folders/1cQLK9r-TZCzE-J1NdD0qL9t7cDhbV1oF
A67: 66 | B67: 24/9/2026 | C67: 0977004369 | D67: =IF($C67="","",IFERROR(INDEX(DATA_MASTER!$C$2:$C$5000,MATCH($C67,DATA_MASTER!$D$2:$D$5000,0)),"Lan Anh")) | E67: =IF($C67="","",IFERROR(INDEX(DATA_MASTER!$I$2:$I$5000,MATCH($C67,DATA_MASTER!$D$2:$D$5000,0)),"")) | F67: =IF($C67="","",IFERROR(INDEX(DATA_MASTER!$L$2:$L$5000,MATCH($C67,DATA_MASTER!$D$2:$D$5000,0)),"ZM")) | G67: Sữa Aptamil 380g | H67: 1 | I67: 320000 | J67: =IF(OR($H67="",$I67=""),"",$H67*$I67) | K67: Chuyển khoản QR | L67: Chờ chuyển khoản | M67: 24/9/2026 | N67: 0977004369 | O67: Lan Anh | P67: Xóm 2 - Tổ 15 Phường Vũ Phúc, Hưng Yên | Q67: Chờ giao | R67: Long Châu | S67: =IF(AND($A67="",$C67=""),"",IF($A67="","Thiếu mã đơn; ","")&IF(COUNTIF($A$2:$A67,$A67)>1,"Trùng mã đơn; ","")&IF(COUNTIF($C$2:$C67,$C67)>1,"Trùng SĐT; ","")&IF(ISNA(MATCH($C67,DATA_MASTER!$D$2:$D$5000,0)),"SĐT chưa đăng ký hội viên; ","")&IF(AND($L67="Đã chuyển khoản",$M67=""),"Thiếu ngày nhận CK; ",""))
A68: 67 | B68: 24/9/2026 | C68: 0777767890 | D68: =IF($C68="","",IFERROR(INDEX(DATA_MASTER!$C$2:$C$5000,MATCH($C68,DATA_MASTER!$D$2:$D$5000,0)),"Nguyễn Hồng Thiên Lý")) | E68: =IF($C68="","",IFERROR(INDEX(DATA_MASTER!$I$2:$I$5000,MATCH($C68,DATA_MASTER!$D$2:$D$5000,0)),"")) | F68: =IF($C68="","",IFERROR(INDEX(DATA_MASTER!$L$2:$L$5000,MATCH($C68,DATA_MASTER!$D$2:$D$5000,0)),"ZM")) | G68: Sữa Aptamil 380g | H68: 1 | I68: 320000 | J68: =IF(OR($H68="",$I68=""),"",$H68*$I68) | K68: Chuyển khoản QR | L68: Đã chuyển khoản | M68: 24/9/2026 | N68: 0777767890 | O68: Nguyễn Hồng Thiên Lý | P68: 284/10 Phan huy ích Phường An hội tây, HCM | Q68: Đã giao | R68: Voi Con | S68: =IF(AND($A68="",$C68=""),"",IF($A68="","Thiếu mã đơn; ","")&IF(COUNTIF($A$2:$A68,$A68)>1,"Trùng mã đơn; ","")&IF(COUNTIF($C$2:$C68,$C68)>1,"Trùng SĐT; ","")&IF(ISNA(MATCH($C68,DATA_MASTER!$D$2:$D$5000,0)),"SĐT chưa đăng ký hội viên; ","")&IF(AND($L68="Đã chuyển khoản",$M68=""),"Thiếu ngày nhận CK; ","")) | T68: ĐVVC: J&T | Mã VĐ: 801114172690 | POD: https://drive.google.com/drive/folders/14YqSb9mohXWUMATpBaLAocW_7uBLVQM8 | Bill: https://drive.google.com/drive/folders/1szwxYRL9ETmCmqj7BvAX8q8voLzWVEdM
A69: 68 | B69: 24/9/2026 | C69: 0766456888 | D69: =IF($C69="","",IFERROR(INDEX(DATA_MASTER!$C$2:$C$5000,MATCH($C69,DATA_MASTER!$D$2:$D$5000,0)),"Nguyễn Hương Giang")) | E69: =IF($C69="","",IFERROR(INDEX(DATA_MASTER!$I$2:$I$5000,MATCH($C69,DATA_MASTER!$D$2:$D$5000,0)),"")) | F69: =IF($C69="","",IFERROR(INDEX(DATA_MASTER!$L$2:$L$5000,MATCH($C69,DATA_MASTER!$D$2:$D$5000,0)),"ZM")) | G69: Sữa Aptamil 380g | H69: 1 | I69: 320000 | J69: =IF(OR($H69="",$I69=""),"",$H69*$I69) | K69: Chuyển khoản QR | L69: Đã chuyển khoản | M69: 24/9/2026 | N69: 0766456888 | O69: Nguyễn Hương Giang | P69: Thôn Phong Niên - Đặc Khu Cát Hải, Hải Phòng | Q69: Đã giao | R69: Ababy | S69: =IF(AND($A69="",$C69=""),"",IF($A69="","Thiếu mã đơn; ","")&IF(COUNTIF($A$2:$A69,$A69)>1,"Trùng mã đơn; ","")&IF(COUNTIF($C$2:$C69,$C69)>1,"Trùng SĐT; ","")&IF(ISNA(MATCH($C69,DATA_MASTER!$D$2:$D$5000,0)),"SĐT chưa đăng ký hội viên; ","")&IF(AND($L69="Đã chuyển khoản",$M69=""),"Thiếu ngày nhận CK; ","")) | T69: ĐVVC: Viettel Post | Mã VĐ: 153118730182 | Bill: https://drive.google.com/drive/folders/12kul6YKLh3Pirh9IMpTdNdWV9h4MaTPZ
A70: 69 | B70: 24/9/2026 | C70: 0904147760 | D70: =IF($C70="","",IFERROR(INDEX(DATA_MASTER!$C$2:$C$5000,MATCH($C70,DATA_MASTER!$D$2:$D$5000,0)),"Nguyễn Thị Ánh Hồng")) | E70: =IF($C70="","",IFERROR(INDEX(DATA_MASTER!$I$2:$I$5000,MATCH($C70,DATA_MASTER!$D$2:$D$5000,0)),"")) | F70: =IF($C70="","",IFERROR(INDEX(DATA_MASTER!$L$2:$L$5000,MATCH($C70,DATA_MASTER!$D$2:$D$5000,0)),"ZM")) | G70: Sữa Aptamil 380g | H70: 1 | I70: 320000 | J70: =IF(OR($H70="",$I70=""),"",$H70*$I70) | K70: Chuyển khoản QR | L70: Đã chuyển khoản | M70: 24/9/2026 | N70: 0904147760 | O70: Nguyễn Thị Ánh Hồng | P70: 119/229 Miếu Hai Xã, Lê Chân, Hải Phòng | Q70: Đã giao | R70: Cute Baby | S70: =IF(AND($A70="",$C70=""),"",IF($A70="","Thiếu mã đơn; ","")&IF(COUNTIF($A$2:$A70,$A70)>1,"Trùng mã đơn; ","")&IF(COUNTIF($C$2:$C70,$C70)>1,"Trùng SĐT; ","")&IF(ISNA(MATCH($C70,DATA_MASTER!$D$2:$D$5000,0)),"SĐT chưa đăng ký hội viên; ","")&IF(AND($L70="Đã chuyển khoản",$M70=""),"Thiếu ngày nhận CK; ","")) | T70: Bill: https://drive.google.com/drive/folders/1pGqhQTp0IpL6t6tM8ZDeuoccAawA1U70
A71: 70 | B71: 24/9/2026 | C71: 0375911123 | D71: =IF($C71="","",IFERROR(INDEX(DATA_MASTER!$C$2:$C$5000,MATCH($C71,DATA_MASTER!$D$2:$D$5000,0)),"Lưu Thị Linh Chi")) | E71: =IF($C71="","",IFERROR(INDEX(DATA_MASTER!$I$2:$I$5000,MATCH($C71,DATA_MASTER!$D$2:$D$5000,0)),"")) | F71: =IF($C71="","",IFERROR(INDEX(DATA_MASTER!$L$2:$L$5000,MATCH($C71,DATA_MASTER!$D$2:$D$5000,0)),"ZM")) | G71: Sữa Aptamil 380g | H71: 1 | I71: 320000 | J71: =IF(OR($H71="",$I71=""),"",$H71*$I71) | K71: Chuyển khoản QR | L71: Đã chuyển khoản | M71: 24/9/2026 | N71: 0375911123 | O71: Lưu Thị Linh Chi | P71: Số nhà 55b, Trung Lăng Tây, Tiên Lãng, Hải Phòng | Q71: Đã giao | R71: Cute Baby | S71: =IF(AND($A71="",$C71=""),"",IF($A71="","Thiếu mã đơn; ","")&IF(COUNTIF($A$2:$A71,$A71)>1,"Trùng mã đơn; ","")&IF(COUNTIF($C$2:$C71,$C71)>1,"Trùng SĐT; ","")&IF(ISNA(MATCH($C71,DATA_MASTER!$D$2:$D$5000,0)),"SĐT chưa đăng ký hội viên; ","")&IF(AND($L71="Đã chuyển khoản",$M71=""),"Thiếu ngày nhận CK; ","")) | T71: ĐVVC: Giao hàng nhanh | Mã VĐ: GYRDW6M3 | Bill: https://drive.google.com/drive/folders/1pGqhQTp0IpL6t6tM8ZDeuoccAawA1U70
A72: 71 | B72: 26/9/2026 | C72: 0902334161 | D72: =IF($C72="","",IFERROR(INDEX(DATA_MASTER!$C$2:$C$5000,MATCH($C72,DATA_MASTER!$D$2:$D$5000,0)),"Chị Ngân")) | E72: =IF($C72="","",IFERROR(INDEX(DATA_MASTER!$I$2:$I$5000,MATCH($C72,DATA_MASTER!$D$2:$D$5000,0)),"")) | F72: =IF($C72="","",IFERROR(INDEX(DATA_MASTER!$L$2:$L$5000,MATCH($C72,DATA_MASTER!$D$2:$D$5000,0)),"ZM")) | G72: Sữa Aptamil 380g | H72: 1 | I72: 320000 | J72: =IF(OR($H72="",$I72=""),"",$H72*$I72) | K72: Chuyển khoản QR | L72: Đã chuyển khoản | M72: 26/9/2026 | N72: 0902334161 | O72: Chị Ngân | P72: 92/2 đường số 12 phường Bình Hưng Hoà quận Bình Tân, HCM | Q72: Đã giao | R72: Voi Con | S72: =IF(AND($A72="",$C72=""),"",IF($A72="","Thiếu mã đơn; ","")&IF(COUNTIF($A$2:$A72,$A72)>1,"Trùng mã đơn; ","")&IF(COUNTIF($C$2:$C72,$C72)>1,"Trùng SĐT; ","")&IF(ISNA(MATCH($C72,DATA_MASTER!$D$2:$D$5000,0)),"SĐT chưa đăng ký hội viên; ","")&IF(AND($L72="Đã chuyển khoản",$M72=""),"Thiếu ngày nhận CK; ","")) | T72: ĐVVC: J&T | Mã VĐ: 801114147733 | POD: https://drive.google.com/drive/folders/14YqSb9mohXWUMATpBaLAocW_7uBLVQM8
A73: 72 | B73: 26/9/2026 | C73: 0375222447 | D73: =IF($C73="","",IFERROR(INDEX(DATA_MASTER!$C$2:$C$5000,MATCH($C73,DATA_MASTER!$D$2:$D$5000,0)),"Như Hoàng")) | E73: =IF($C73="","",IFERROR(INDEX(DATA_MASTER!$I$2:$I$5000,MATCH($C73,DATA_MASTER!$D$2:$D$5000,0)),"")) | F73: =IF($C73="","",IFERROR(INDEX(DATA_MASTER!$L$2:$L$5000,MATCH($C73,DATA_MASTER!$D$2:$D$5000,0)),"ZM")) | G73: Sữa Aptamil 380g | H73: 1 | I73: 320000 | J73: =IF(OR($H73="",$I73=""),"",$H73*$I73) | K73: Chuyển khoản QR | L73: Đã chuyển khoản | M73: 26/9/2026 | N73: 0375222447 | O73: Như Hoàng | P73: Số 1/10 đường Lý Văn Sâm, tam hiệp, Đồng Nai | Q73: Đã giao | R73: Long Châu | S73: =IF(AND($A73="",$C73=""),"",IF($A73="","Thiếu mã đơn; ","")&IF(COUNTIF($A$2:$A73,$A73)>1,"Trùng mã đơn; ","")&IF(COUNTIF($C$2:$C73,$C73)>1,"Trùng SĐT; ","")&IF(ISNA(MATCH($C73,DATA_MASTER!$D$2:$D$5000,0)),"SĐT chưa đăng ký hội viên; ","")&IF(AND($L73="Đã chuyển khoản",$M73=""),"Thiếu ngày nhận CK; ",""))
A74: 73 | B74: 26/9/2026 | C74: 0972177661 | D74: =IF($C74="","",IFERROR(INDEX(DATA_MASTER!$C$2:$C$5000,MATCH($C74,DATA_MASTER!$D$2:$D$5000,0)),"anh Hiếu")) | E74: =IF($C74="","",IFERROR(INDEX(DATA_MASTER!$I$2:$I$5000,MATCH($C74,DATA_MASTER!$D$2:$D$5000,0)),"")) | F74: =IF($C74="","",IFERROR(INDEX(DATA_MASTER!$L$2:$L$5000,MATCH($C74,DATA_MASTER!$D$2:$D$5000,0)),"ZM")) | G74: Sữa Aptamil 380g | H74: 1 | I74: 320000 | J74: =IF(OR($H74="",$I74=""),"",$H74*$I74) | K74: Chuyển khoản QR | L74: Đã chuyển khoản | M74: 26/9/2026 | N74: 0972177661 | O74: anh Hiếu | P74: số 5 đống đa, tân sơn hoà,, Đồng Nai | Q74: Đã giao | R74: Long Châu | S74: =IF(AND($A74="",$C74=""),"",IF($A74="","Thiếu mã đơn; ","")&IF(COUNTIF($A$2:$A74,$A74)>1,"Trùng mã đơn; ","")&IF(COUNTIF($C$2:$C74,$C74)>1,"Trùng SĐT; ","")&IF(ISNA(MATCH($C74,DATA_MASTER!$D$2:$D$5000,0)),"SĐT chưa đăng ký hội viên; ","")&IF(AND($L74="Đã chuyển khoản",$M74=""),"Thiếu ngày nhận CK; ",""))
A75: 74 | B75: 26/9/2026 | C75: 0325455090 | D75: =IF($C75="","",IFERROR(INDEX(DATA_MASTER!$C$2:$C$5000,MATCH($C75,DATA_MASTER!$D$2:$D$5000,0)),"Bảo Yến")) | E75: =IF($C75="","",IFERROR(INDEX(DATA_MASTER!$I$2:$I$5000,MATCH($C75,DATA_MASTER!$D$2:$D$5000,0)),"")) | F75: =IF($C75="","",IFERROR(INDEX(DATA_MASTER!$L$2:$L$5000,MATCH($C75,DATA_MASTER!$D$2:$D$5000,0)),"ZM")) | G75: Sữa Aptamil 380g | H75: 1 | I75: 320000 | J75: =IF(OR($H75="",$I75=""),"",$H75*$I75) | K75: Chuyển khoản QR | L75: Đã chuyển khoản | M75: 26/9/2026 | N75: 0325455090 | O75: Bảo Yến | P75: 63/1/4 Võ Thị Sáu, Phường Trấn Biên, Đồng Nai | Q75: Đã giao | R75: Long Châu | S75: =IF(AND($A75="",$C75=""),"",IF($A75="","Thiếu mã đơn; ","")&IF(COUNTIF($A$2:$A75,$A75)>1,"Trùng mã đơn; ","")&IF(COUNTIF($C$2:$C75,$C75)>1,"Trùng SĐT; ","")&IF(ISNA(MATCH($C75,DATA_MASTER!$D$2:$D$5000,0)),"SĐT chưa đăng ký hội viên; ","")&IF(AND($L75="Đã chuyển khoản",$M75=""),"Thiếu ngày nhận CK; ",""))
A76: 75 | B76: 26/9/2026 | C76: 0393855076 | D76: =IF($C76="","",IFERROR(INDEX(DATA_MASTER!$C$2:$C$5000,MATCH($C76,DATA_MASTER!$D$2:$D$5000,0)),"Lê thùy Trang")) | E76: =IF($C76="","",IFERROR(INDEX(DATA_MASTER!$I$2:$I$5000,MATCH($C76,DATA_MASTER!$D$2:$D$5000,0)),"")) | F76: =IF($C76="","",IFERROR(INDEX(DATA_MASTER!$L$2:$L$5000,MATCH($C76,DATA_MASTER!$D$2:$D$5000,0)),"ZM")) | G76: Sữa Aptamil 380g | H76: 1 | I76: 320000 | J76: =IF(OR($H76="",$I76=""),"",$H76*$I76) | K76: Chuyển khoản QR | L76: Đã chuyển khoản | M76: 26/9/2026 | N76: 0393855076 | O76: Lê thùy Trang | P76: 397 Tây Lạc Bình Minh, Đồng Nai | Q76: Đã giao | R76: Long Châu | S76: =IF(AND($A76="",$C76=""),"",IF($A76="","Thiếu mã đơn; ","")&IF(COUNTIF($A$2:$A76,$A76)>1,"Trùng mã đơn; ","")&IF(COUNTIF($C$2:$C76,$C76)>1,"Trùng SĐT; ","")&IF(ISNA(MATCH($C76,DATA_MASTER!$D$2:$D$5000,0)),"SĐT chưa đăng ký hội viên; ","")&IF(AND($L76="Đã chuyển khoản",$M76=""),"Thiếu ngày nhận CK; ",""))
A77: 76 | B77: 26/9/2026 | C77: 0767229949 | D77: =IF($C77="","",IFERROR(INDEX(DATA_MASTER!$C$2:$C$5000,MATCH($C77,DATA_MASTER!$D$2:$D$5000,0)),"Nguyễn Thị Kim Ngân")) | E77: =IF($C77="","",IFERROR(INDEX(DATA_MASTER!$I$2:$I$5000,MATCH($C77,DATA_MASTER!$D$2:$D$5000,0)),"")) | F77: =IF($C77="","",IFERROR(INDEX(DATA_MASTER!$L$2:$L$5000,MATCH($C77,DATA_MASTER!$D$2:$D$5000,0)),"ZM")) | G77: Sữa Aptamil 380g | H77: 1 | I77: 320000 | J77: =IF(OR($H77="",$I77=""),"",$H77*$I77) | K77: Chuyển khoản QR | L77: Đã chuyển khoản | M77: 26/9/2026 | N77: 0767229949 | O77: Nguyễn Thị Kim Ngân | P77: 16 tổ 29 khu phố 3, phường long hưng, biên hoà, Đồng Nai | Q77: Đã giao | R77: Long Châu | S77: =IF(AND($A77="",$C77=""),"",IF($A77="","Thiếu mã đơn; ","")&IF(COUNTIF($A$2:$A77,$A77)>1,"Trùng mã đơn; ","")&IF(COUNTIF($C$2:$C77,$C77)>1,"Trùng SĐT; ","")&IF(ISNA(MATCH($C77,DATA_MASTER!$D$2:$D$5000,0)),"SĐT chưa đăng ký hội viên; ","")&IF(AND($L77="Đã chuyển khoản",$M77=""),"Thiếu ngày nhận CK; ",""))
A78: 77 | B78: 26/9/2026 | C78: 0903454095 | D78: =IF($C78="","",IFERROR(INDEX(DATA_MASTER!$C$2:$C$5000,MATCH($C78,DATA_MASTER!$D$2:$D$5000,0)),"Cao Trương Thanh Thuý")) | E78: =IF($C78="","",IFERROR(INDEX(DATA_MASTER!$I$2:$I$5000,MATCH($C78,DATA_MASTER!$D$2:$D$5000,0)),"")) | F78: =IF($C78="","",IFERROR(INDEX(DATA_MASTER!$L$2:$L$5000,MATCH($C78,DATA_MASTER!$D$2:$D$5000,0)),"ZM")) | G78: Sữa Aptamil 380g | H78: 1 | I78: 320000 | J78: =IF(OR($H78="",$I78=""),"",$H78*$I78) | K78: Chuyển khoản QR | L78: Đã chuyển khoản | M78: 26/9/2026 | N78: 0903454095 | O78: Cao Trương Thanh Thuý | P78: 439/8/32 nguyễn văn khối, Gò Vấp, HCM | Q78: Đã giao | R78: Voi Con | S78: =IF(AND($A78="",$C78=""),"",IF($A78="","Thiếu mã đơn; ","")&IF(COUNTIF($A$2:$A78,$A78)>1,"Trùng mã đơn; ","")&IF(COUNTIF($C$2:$C78,$C78)>1,"Trùng SĐT; ","")&IF(ISNA(MATCH($C78,DATA_MASTER!$D$2:$D$5000,0)),"SĐT chưa đăng ký hội viên; ","")&IF(AND($L78="Đã chuyển khoản",$M78=""),"Thiếu ngày nhận CK; ","")) | T78: ĐVVC: J&T | Mã VĐ: 801113260189 | POD: https://drive.google.com/drive/folders/14YqSb9mohXWUMATpBaLAocW_7uBLVQM8
A79: 78 | B79: 26/9/2026 | C79: 0976352485 | D79: =IF($C79="","",IFERROR(INDEX(DATA_MASTER!$C$2:$C$5000,MATCH($C79,DATA_MASTER!$D$2:$D$5000,0)),"Lê Thị Thu Nhàn")) | E79: =IF($C79="","",IFERROR(INDEX(DATA_MASTER!$I$2:$I$5000,MATCH($C79,DATA_MASTER!$D$2:$D$5000,0)),"")) | F79: =IF($C79="","",IFERROR(INDEX(DATA_MASTER!$L$2:$L$5000,MATCH($C79,DATA_MASTER!$D$2:$D$5000,0)),"ZM")) | G79: Sữa Aptamil 380g | H79: 1 | I79: 320000 | J79: =IF(OR($H79="",$I79=""),"",$H79*$I79) | K79: Chuyển khoản QR | L79: Đã chuyển khoản | M79: 26/9/2026 | N79: 0976352485 | O79: Lê Thị Thu Nhàn | P79: tổ 19A khu phố hương phước, phường phước tân, đồng nai,, Đồng Nai | Q79: Đã giao | R79: Long Châu | S79: =IF(AND($A79="",$C79=""),"",IF($A79="","Thiếu mã đơn; ","")&IF(COUNTIF($A$2:$A79,$A79)>1,"Trùng mã đơn; ","")&IF(COUNTIF($C$2:$C79,$C79)>1,"Trùng SĐT; ","")&IF(ISNA(MATCH($C79,DATA_MASTER!$D$2:$D$5000,0)),"SĐT chưa đăng ký hội viên; ","")&IF(AND($L79="Đã chuyển khoản",$M79=""),"Thiếu ngày nhận CK; ",""))
A80: 79 | B80: 26/9/2026 | C80: 0969526610 | D80: =IF($C80="","",IFERROR(INDEX(DATA_MASTER!$C$2:$C$5000,MATCH($C80,DATA_MASTER!$D$2:$D$5000,0)),"Lê Thị Thu")) | E80: =IF($C80="","",IFERROR(INDEX(DATA_MASTER!$I$2:$I$5000,MATCH($C80,DATA_MASTER!$D$2:$D$5000,0)),"")) | F80: =IF($C80="","",IFERROR(INDEX(DATA_MASTER!$L$2:$L$5000,MATCH($C80,DATA_MASTER!$D$2:$D$5000,0)),"ZM")) | G80: Sữa Aptamil 380g | H80: 1 | I80: 320000 | J80: =IF(OR($H80="",$I80=""),"",$H80*$I80) | K80: Chuyển khoản QR | L80: Đã chuyển khoản | M80: 26/9/2026 | N80: 0969526610 | O80: Lê Thị Thu | P80: 170/48A/6 Nguyễn Văn Tỏ, P.Long Hưng, Đồng Nai | Q80: Đã giao | R80: Long Châu | S80: =IF(AND($A80="",$C80=""),"",IF($A80="","Thiếu mã đơn; ","")&IF(COUNTIF($A$2:$A80,$A80)>1,"Trùng mã đơn; ","")&IF(COUNTIF($C$2:$C80,$C80)>1,"Trùng SĐT; ","")&IF(ISNA(MATCH($C80,DATA_MASTER!$D$2:$D$5000,0)),"SĐT chưa đăng ký hội viên; ","")&IF(AND($L80="Đã chuyển khoản",$M80=""),"Thiếu ngày nhận CK; ",""))
A81: 80 | B81: 26/9/2026 | C81: 0357726015 | D81: =IF($C81="","",IFERROR(INDEX(DATA_MASTER!$C$2:$C$5000,MATCH($C81,DATA_MASTER!$D$2:$D$5000,0)),"Lê Ánh Tuyết")) | E81: =IF($C81="","",IFERROR(INDEX(DATA_MASTER!$I$2:$I$5000,MATCH($C81,DATA_MASTER!$D$2:$D$5000,0)),"")) | F81: =IF($C81="","",IFERROR(INDEX(DATA_MASTER!$L$2:$L$5000,MATCH($C81,DATA_MASTER!$D$2:$D$5000,0)),"ZM")) | G81: Sữa Aptamil 380g | H81: 1 | I81: 320000 | J81: =IF(OR($H81="",$I81=""),"",$H81*$I81) | K81: Chuyển khoản QR | L81: Chờ chuyển khoản | M81: 26/9/2026 | N81: 0357726015 | O81: Lê Ánh Tuyết | P81: Số 10 Lô 44, Khu tái định cư Xi Măng, Phường Hồng Bàng, Hải Phòng | Q81: Chờ giao | R81: Ababy | S81: =IF(AND($A81="",$C81=""),"",IF($A81="","Thiếu mã đơn; ","")&IF(COUNTIF($A$2:$A81,$A81)>1,"Trùng mã đơn; ","")&IF(COUNTIF($C$2:$C81,$C81)>1,"Trùng SĐT; ","")&IF(ISNA(MATCH($C81,DATA_MASTER!$D$2:$D$5000,0)),"SĐT chưa đăng ký hội viên; ","")&IF(AND($L81="Đã chuyển khoản",$M81=""),"Thiếu ngày nhận CK; ","")) | T81: ĐVVC: [4] Đã giao hàng | Mã VĐ: 26/09/2026 | POD: Shipper riêng
A82: 81 | B82: 26/9/2026 | C82: 0962291834 | D82: =IF($C82="","",IFERROR(INDEX(DATA_MASTER!$C$2:$C$5000,MATCH($C82,DATA_MASTER!$D$2:$D$5000,0)),"Phạm Thị Như")) | E82: =IF($C82="","",IFERROR(INDEX(DATA_MASTER!$I$2:$I$5000,MATCH($C82,DATA_MASTER!$D$2:$D$5000,0)),"")) | F82: =IF($C82="","",IFERROR(INDEX(DATA_MASTER!$L$2:$L$5000,MATCH($C82,DATA_MASTER!$D$2:$D$5000,0)),"ZM")) | G82: Sữa Aptamil 380g | H82: 1 | I82: 320000 | J82: =IF(OR($H82="",$I82=""),"",$H82*$I82) | K82: Chuyển khoản QR | L82: Chờ chuyển khoản | M82: 26/9/2026 | N82: 0962291834 | O82: Phạm Thị Như | P82: 19 B1 Nam Phong, Phường Đông Hải, Hải Phòng | Q82: Chờ giao | R82: Ababy | S82: =IF(AND($A82="",$C82=""),"",IF($A82="","Thiếu mã đơn; ","")&IF(COUNTIF($A$2:$A82,$A82)>1,"Trùng mã đơn; ","")&IF(COUNTIF($C$2:$C82,$C82)>1,"Trùng SĐT; ","")&IF(ISNA(MATCH($C82,DATA_MASTER!$D$2:$D$5000,0)),"SĐT chưa đăng ký hội viên; ","")&IF(AND($L82="Đã chuyển khoản",$M82=""),"Thiếu ngày nhận CK; ","")) | T82: ĐVVC: [4] Đã giao hàng | Mã VĐ: 27/9/2026 | POD: Shipper riêng
A83: 82 | B83: 26/9/2026 | C83: 0335136843 | D83: =IF($C83="","",IFERROR(INDEX(DATA_MASTER!$C$2:$C$5000,MATCH($C83,DATA_MASTER!$D$2:$D$5000,0)),"Đồng Thị Quỳnh Anh")) | E83: =IF($C83="","",IFERROR(INDEX(DATA_MASTER!$I$2:$I$5000,MATCH($C83,DATA_MASTER!$D$2:$D$5000,0)),"")) | F83: =IF($C83="","",IFERROR(INDEX(DATA_MASTER!$L$2:$L$5000,MATCH($C83,DATA_MASTER!$D$2:$D$5000,0)),"ZM")) | G83: Sữa Aptamil 380g | H83: 1 | I83: 320000 | J83: =IF(OR($H83="",$I83=""),"",$H83*$I83) | K83: Chuyển khoản QR | L83: Chờ chuyển khoản | M83: 26/9/2026 | N83: 0335136843 | O83: Đồng Thị Quỳnh Anh | P83: 4 Do Nha, Phường Hồng An, Hải Phòng | Q83: Chờ giao | R83: Ababy | S83: =IF(AND($A83="",$C83=""),"",IF($A83="","Thiếu mã đơn; ","")&IF(COUNTIF($A$2:$A83,$A83)>1,"Trùng mã đơn; ","")&IF(COUNTIF($C$2:$C83,$C83)>1,"Trùng SĐT; ","")&IF(ISNA(MATCH($C83,DATA_MASTER!$D$2:$D$5000,0)),"SĐT chưa đăng ký hội viên; ","")&IF(AND($L83="Đã chuyển khoản",$M83=""),"Thiếu ngày nhận CK; ","")) | T83: ĐVVC: [4] Đã giao hàng | POD: Viettel Post
A84: 83 | B84: 26/9/2026 | C84: 0352408115 | D84: =IF($C84="","",IFERROR(INDEX(DATA_MASTER!$C$2:$C$5000,MATCH($C84,DATA_MASTER!$D$2:$D$5000,0)),"Phương Thảo")) | E84: =IF($C84="","",IFERROR(INDEX(DATA_MASTER!$I$2:$I$5000,MATCH($C84,DATA_MASTER!$D$2:$D$5000,0)),"")) | F84: =IF($C84="","",IFERROR(INDEX(DATA_MASTER!$L$2:$L$5000,MATCH($C84,DATA_MASTER!$D$2:$D$5000,0)),"ZM")) | G84: Sữa Aptamil 380g | H84: 1 | I84: 320000 | J84: =IF(OR($H84="",$I84=""),"",$H84*$I84) | K84: Chuyển khoản QR | L84: Chờ chuyển khoản | M84: 26/9/2026 | N84: 0352408115 | O84: Phương Thảo | P84: 54 Đinh Tiên Hoàng, Phường Hồng Bàng,, Hải Phòng | Q84: Chờ giao | R84: Ababy | S84: =IF(AND($A84="",$C84=""),"",IF($A84="","Thiếu mã đơn; ","")&IF(COUNTIF($A$2:$A84,$A84)>1,"Trùng mã đơn; ","")&IF(COUNTIF($C$2:$C84,$C84)>1,"Trùng SĐT; ","")&IF(ISNA(MATCH($C84,DATA_MASTER!$D$2:$D$5000,0)),"SĐT chưa đăng ký hội viên; ","")&IF(AND($L84="Đã chuyển khoản",$M84=""),"Thiếu ngày nhận CK; ","")) | T84: ĐVVC: [4] Đã giao hàng | Mã VĐ: 28/9/2026 | POD: Shipper riêng
A85: 84 | B85: 26/9/2026 | C85: 0775564986 | D85: =IF($C85="","",IFERROR(INDEX(DATA_MASTER!$C$2:$C$5000,MATCH($C85,DATA_MASTER!$D$2:$D$5000,0)),"Trần Thị Thanh Hải")) | E85: =IF($C85="","",IFERROR(INDEX(DATA_MASTER!$I$2:$I$5000,MATCH($C85,DATA_MASTER!$D$2:$D$5000,0)),"")) | F85: =IF($C85="","",IFERROR(INDEX(DATA_MASTER!$L$2:$L$5000,MATCH($C85,DATA_MASTER!$D$2:$D$5000,0)),"ZM")) | G85: Sữa Aptamil 380g | H85: 1 | I85: 320000 | J85: =IF(OR($H85="",$I85=""),"",$H85*$I85) | K85: Chuyển khoản QR | L85: Chờ chuyển khoản | M85: 26/9/2026 | N85: 0775564986 | O85: Trần Thị Thanh Hải | P85: Nhà văn hoá Hoàng Lâu, Phường An Phong, Hải Phòng | Q85: Chờ giao | R85: Ababy | S85: =IF(AND($A85="",$C85=""),"",IF($A85="","Thiếu mã đơn; ","")&IF(COUNTIF($A$2:$A85,$A85)>1,"Trùng mã đơn; ","")&IF(COUNTIF($C$2:$C85,$C85)>1,"Trùng SĐT; ","")&IF(ISNA(MATCH($C85,DATA_MASTER!$D$2:$D$5000,0)),"SĐT chưa đăng ký hội viên; ","")&IF(AND($L85="Đã chuyển khoản",$M85=""),"Thiếu ngày nhận CK; ","")) | T85: ĐVVC: [4] Đã giao hàng | Mã VĐ: 28/9/2026 | POD: Viettel Post
A86: 85 | B86: 26/9/2026 | C86: 0345222588 | D86: =IF($C86="","",IFERROR(INDEX(DATA_MASTER!$C$2:$C$5000,MATCH($C86,DATA_MASTER!$D$2:$D$5000,0)),"Thanh Tuyền")) | E86: =IF($C86="","",IFERROR(INDEX(DATA_MASTER!$I$2:$I$5000,MATCH($C86,DATA_MASTER!$D$2:$D$5000,0)),"")) | F86: =IF($C86="","",IFERROR(INDEX(DATA_MASTER!$L$2:$L$5000,MATCH($C86,DATA_MASTER!$D$2:$D$5000,0)),"ZM")) | G86: Sữa Aptamil 380g | H86: 1 | I86: 320000 | J86: =IF(OR($H86="",$I86=""),"",$H86*$I86) | K86: Chuyển khoản QR | L86: Chờ chuyển khoản | M86: 26/9/2026 | N86: 0345222588 | O86: Thanh Tuyền | P86: 4/216 Lê Duẩn, Kiến An, Hải Phòng | Q86: Chờ giao | R86: Ababy | S86: =IF(AND($A86="",$C86=""),"",IF($A86="","Thiếu mã đơn; ","")&IF(COUNTIF($A$2:$A86,$A86)>1,"Trùng mã đơn; ","")&IF(COUNTIF($C$2:$C86,$C86)>1,"Trùng SĐT; ","")&IF(ISNA(MATCH($C86,DATA_MASTER!$D$2:$D$5000,0)),"SĐT chưa đăng ký hội viên; ","")&IF(AND($L86="Đã chuyển khoản",$M86=""),"Thiếu ngày nhận CK; ","")) | T86: ĐVVC: [4] Đã giao hàng | Mã VĐ: 26/09/2026 | POD: Shipper riêng
A87: 86 | B87: 26/9/2026 | C87: 0793248598 | D87: =IF($C87="","",IFERROR(INDEX(DATA_MASTER!$C$2:$C$5000,MATCH($C87,DATA_MASTER!$D$2:$D$5000,0)),"Chị Thảo")) | E87: =IF($C87="","",IFERROR(INDEX(DATA_MASTER!$I$2:$I$5000,MATCH($C87,DATA_MASTER!$D$2:$D$5000,0)),"")) | F87: =IF($C87="","",IFERROR(INDEX(DATA_MASTER!$L$2:$L$5000,MATCH($C87,DATA_MASTER!$D$2:$D$5000,0)),"ZM")) | G87: Sữa Aptamil 380g | H87: 1 | I87: 320000 | J87: =IF(OR($H87="",$I87=""),"",$H87*$I87) | K87: Chuyển khoản QR | L87: Chờ chuyển khoản | M87: 26/9/2026 | N87: 0793248598 | O87: Chị Thảo | P87: 35 An Dương 2, An Hải, Hải Phòng | Q87: Chờ giao | R87: Ababy | S87: =IF(AND($A87="",$C87=""),"",IF($A87="","Thiếu mã đơn; ","")&IF(COUNTIF($A$2:$A87,$A87)>1,"Trùng mã đơn; ","")&IF(COUNTIF($C$2:$C87,$C87)>1,"Trùng SĐT; ","")&IF(ISNA(MATCH($C87,DATA_MASTER!$D$2:$D$5000,0)),"SĐT chưa đăng ký hội viên; ","")&IF(AND($L87="Đã chuyển khoản",$M87=""),"Thiếu ngày nhận CK; ","")) | T87: ĐVVC: [4] Đã giao hàng | Mã VĐ: 26/09/2026 | POD: Shipper riêng
A88: 87 | B88: 26/9/2026 | C88: 0986064241 | D88: =IF($C88="","",IFERROR(INDEX(DATA_MASTER!$C$2:$C$5000,MATCH($C88,DATA_MASTER!$D$2:$D$5000,0)),"Bùi Thị Hoa")) | E88: =IF($C88="","",IFERROR(INDEX(DATA_MASTER!$I$2:$I$5000,MATCH($C88,DATA_MASTER!$D$2:$D$5000,0)),"")) | F88: =IF($C88="","",IFERROR(INDEX(DATA_MASTER!$L$2:$L$5000,MATCH($C88,DATA_MASTER!$D$2:$D$5000,0)),"ZM")) | G88: Sữa Aptamil 380g | H88: 1 | I88: 320000 | J88: =IF(OR($H88="",$I88=""),"",$H88*$I88) | K88: Chuyển khoản QR | L88: Chờ chuyển khoản | M88: 26/9/2026 | N88: 0986064241 | O88: Bùi Thị Hoa | P88: 8/2/124 Trần Kiên, Kiến An, Hải Phòng | Q88: Chờ giao | R88: Ababy | S88: =IF(AND($A88="",$C88=""),"",IF($A88="","Thiếu mã đơn; ","")&IF(COUNTIF($A$2:$A88,$A88)>1,"Trùng mã đơn; ","")&IF(COUNTIF($C$2:$C88,$C88)>1,"Trùng SĐT; ","")&IF(ISNA(MATCH($C88,DATA_MASTER!$D$2:$D$5000,0)),"SĐT chưa đăng ký hội viên; ","")&IF(AND($L88="Đã chuyển khoản",$M88=""),"Thiếu ngày nhận CK; ","")) | T88: ĐVVC: [4] Đã giao hàng | Mã VĐ: 28/09/2026 | POD: Shipper riêng
A89: 88 | B89: 26/9/2026 | C89: 0386677713 | D89: =IF($C89="","",IFERROR(INDEX(DATA_MASTER!$C$2:$C$5000,MATCH($C89,DATA_MASTER!$D$2:$D$5000,0)),"Nguyễn Thị Ngọc Mai")) | E89: =IF($C89="","",IFERROR(INDEX(DATA_MASTER!$I$2:$I$5000,MATCH($C89,DATA_MASTER!$D$2:$D$5000,0)),"")) | F89: =IF($C89="","",IFERROR(INDEX(DATA_MASTER!$L$2:$L$5000,MATCH($C89,DATA_MASTER!$D$2:$D$5000,0)),"ZM")) | G89: Sữa Aptamil 380g | H89: 1 | I89: 320000 | J89: =IF(OR($H89="",$I89=""),"",$H89*$I89) | K89: Chuyển khoản QR | L89: Chờ chuyển khoản | M89: 26/9/2026 | N89: 0386677713 | O89: Nguyễn Thị Ngọc Mai | P89: Lô 4 Ngõ 200 Văn Cao, Hải Phòng | Q89: Chờ giao | R89: Ababy | S89: =IF(AND($A89="",$C89=""),"",IF($A89="","Thiếu mã đơn; ","")&IF(COUNTIF($A$2:$A89,$A89)>1,"Trùng mã đơn; ","")&IF(COUNTIF($C$2:$C89,$C89)>1,"Trùng SĐT; ","")&IF(ISNA(MATCH($C89,DATA_MASTER!$D$2:$D$5000,0)),"SĐT chưa đăng ký hội viên; ","")&IF(AND($L89="Đã chuyển khoản",$M89=""),"Thiếu ngày nhận CK; ","")) | T89: ĐVVC: [4] Đã giao hàng | Mã VĐ: 26/9/2026 | POD: Shipper riêng
A90: 89 | B90: 26/9/2026 | C90: 0325240061 | D90: =IF($C90="","",IFERROR(INDEX(DATA_MASTER!$C$2:$C$5000,MATCH($C90,DATA_MASTER!$D$2:$D$5000,0)),"Hoàng Nhật Lệ")) | E90: =IF($C90="","",IFERROR(INDEX(DATA_MASTER!$I$2:$I$5000,MATCH($C90,DATA_MASTER!$D$2:$D$5000,0)),"")) | F90: =IF($C90="","",IFERROR(INDEX(DATA_MASTER!$L$2:$L$5000,MATCH($C90,DATA_MASTER!$D$2:$D$5000,0)),"ZM")) | G90: Sữa Aptamil 380g | H90: 1 | I90: 320000 | J90: =IF(OR($H90="",$I90=""),"",$H90*$I90) | K90: Chuyển khoản QR | L90: Đã chuyển khoản | M90: 26/9/2026 | N90: 0325240061 | O90: Hoàng Nhật Lệ | P90: Đại Trà, Kim Linh, Hải Phòng | Q90: Đã giao | R90: Ababy | S90: =IF(AND($A90="",$C90=""),"",IF($A90="","Thiếu mã đơn; ","")&IF(COUNTIF($A$2:$A90,$A90)>1,"Trùng mã đơn; ","")&IF(COUNTIF($C$2:$C90,$C90)>1,"Trùng SĐT; ","")&IF(ISNA(MATCH($C90,DATA_MASTER!$D$2:$D$5000,0)),"SĐT chưa đăng ký hội viên; ","")&IF(AND($L90="Đã chuyển khoản",$M90=""),"Thiếu ngày nhận CK; ","")) | T90: ĐVVC: [2] Đang giao | Mã VĐ: 2026-03-10 00:00:00 | POD: https://drive.google.com/file/d/1uFxddLx3XDt_Elh_eKaP6HfBxuIp3_8k/view?usp=drive_link
A91: 90 | B91: 26/9/2026 | C91: 0332688963 | D91: =IF($C91="","",IFERROR(INDEX(DATA_MASTER!$C$2:$C$5000,MATCH($C91,DATA_MASTER!$D$2:$D$5000,0)),"Chị Ánh")) | E91: =IF($C91="","",IFERROR(INDEX(DATA_MASTER!$I$2:$I$5000,MATCH($C91,DATA_MASTER!$D$2:$D$5000,0)),"")) | F91: =IF($C91="","",IFERROR(INDEX(DATA_MASTER!$L$2:$L$5000,MATCH($C91,DATA_MASTER!$D$2:$D$5000,0)),"ZM")) | G91: Sữa Aptamil 380g | H91: 1 | I91: 320000 | J91: =IF(OR($H91="",$I91=""),"",$H91*$I91) | K91: Chuyển khoản QR | L91: Đã chuyển khoản | M91: 26/9/2026 | N91: 0332688963 | O91: Chị Ánh | P91: Ngõ 2 tổ 2 An Dương, Hải Phòng | Q91: Đã giao | R91: Ababy | S91: =IF(AND($A91="",$C91=""),"",IF($A91="","Thiếu mã đơn; ","")&IF(COUNTIF($A$2:$A91,$A91)>1,"Trùng mã đơn; ","")&IF(COUNTIF($C$2:$C91,$C91)>1,"Trùng SĐT; ","")&IF(ISNA(MATCH($C91,DATA_MASTER!$D$2:$D$5000,0)),"SĐT chưa đăng ký hội viên; ","")&IF(AND($L91="Đã chuyển khoản",$M91=""),"Thiếu ngày nhận CK; ","")) | T91: ĐVVC: [4] Đã giao hàng | Mã VĐ: 26/9/2026 | POD: Shipper riêng
A92: 91 | B92: 26/9/2026 | C92: 0384878689 | D92: =IF($C92="","",IFERROR(INDEX(DATA_MASTER!$C$2:$C$5000,MATCH($C92,DATA_MASTER!$D$2:$D$5000,0)),"Lê Hà Giang")) | E92: =IF($C92="","",IFERROR(INDEX(DATA_MASTER!$I$2:$I$5000,MATCH($C92,DATA_MASTER!$D$2:$D$5000,0)),"")) | F92: =IF($C92="","",IFERROR(INDEX(DATA_MASTER!$L$2:$L$5000,MATCH($C92,DATA_MASTER!$D$2:$D$5000,0)),"ZM")) | G92: Sữa Aptamil 380g | H92: 1 | I92: 320000 | J92: =IF(OR($H92="",$I92=""),"",$H92*$I92) | K92: Chuyển khoản QR | L92: Chờ chuyển khoản | M92: 26/9/2026 | N92: 0384878689 | O92: Lê Hà Giang | P92: Xuân sơn 2, xã An Lão, Hải Phòng | Q92: Chờ giao | R92: Ababy | S92: =IF(AND($A92="",$C92=""),"",IF($A92="","Thiếu mã đơn; ","")&IF(COUNTIF($A$2:$A92,$A92)>1,"Trùng mã đơn; ","")&IF(COUNTIF($C$2:$C92,$C92)>1,"Trùng SĐT; ","")&IF(ISNA(MATCH($C92,DATA_MASTER!$D$2:$D$5000,0)),"SĐT chưa đăng ký hội viên; ","")&IF(AND($L92="Đã chuyển khoản",$M92=""),"Thiếu ngày nhận CK; ","")) | T92: ĐVVC: [4] Đã giao hàng | Mã VĐ: 27/8/2026 | POD: Shipper riêng
A93: 92 | B93: 26/9/2026 | C93: 0962346682 | D93: =IF($C93="","",IFERROR(INDEX(DATA_MASTER!$C$2:$C$5000,MATCH($C93,DATA_MASTER!$D$2:$D$5000,0)),"Đỗ Trang")) | E93: =IF($C93="","",IFERROR(INDEX(DATA_MASTER!$I$2:$I$5000,MATCH($C93,DATA_MASTER!$D$2:$D$5000,0)),"")) | F93: =IF($C93="","",IFERROR(INDEX(DATA_MASTER!$L$2:$L$5000,MATCH($C93,DATA_MASTER!$D$2:$D$5000,0)),"ZM")) | G93: Sữa Aptamil 380g | H93: 1 | I93: 320000 | J93: =IF(OR($H93="",$I93=""),"",$H93*$I93) | K93: Chuyển khoản QR | L93: Đã chuyển khoản | M93: 26/9/2026 | N93: 0962346682 | O93: Đỗ Trang | P93: Bấc 2, Thuỷ Đường, Thuỷ Nguyên, Hải Phòng | Q93: Đã giao | R93: Ababy | S93: =IF(AND($A93="",$C93=""),"",IF($A93="","Thiếu mã đơn; ","")&IF(COUNTIF($A$2:$A93,$A93)>1,"Trùng mã đơn; ","")&IF(COUNTIF($C$2:$C93,$C93)>1,"Trùng SĐT; ","")&IF(ISNA(MATCH($C93,DATA_MASTER!$D$2:$D$5000,0)),"SĐT chưa đăng ký hội viên; ","")&IF(AND($L93="Đã chuyển khoản",$M93=""),"Thiếu ngày nhận CK; ","")) | T93: ĐVVC: [2] Đang giao | POD: Viettel Post
A94: 93 | B94: 26/9/2026 | C94: 0789293488 | D94: =IF($C94="","",IFERROR(INDEX(DATA_MASTER!$C$2:$C$5000,MATCH($C94,DATA_MASTER!$D$2:$D$5000,0)),"Vũ Thị Ánh Tuyết")) | E94: =IF($C94="","",IFERROR(INDEX(DATA_MASTER!$I$2:$I$5000,MATCH($C94,DATA_MASTER!$D$2:$D$5000,0)),"")) | F94: =IF($C94="","",IFERROR(INDEX(DATA_MASTER!$L$2:$L$5000,MATCH($C94,DATA_MASTER!$D$2:$D$5000,0)),"ZM")) | G94: Sữa Aptamil 380g | H94: 1 | I94: 320000 | J94: =IF(OR($H94="",$I94=""),"",$H94*$I94) | K94: Chuyển khoản QR | L94: Chờ chuyển khoản | M94: 26/9/2026 | N94: 0789293488 | O94: Vũ Thị Ánh Tuyết | P94: 6/225 Tô Hiệu, Lê Chân,, Hải Phòng | Q94: Chờ giao | R94: Ababy | S94: =IF(AND($A94="",$C94=""),"",IF($A94="","Thiếu mã đơn; ","")&IF(COUNTIF($A$2:$A94,$A94)>1,"Trùng mã đơn; ","")&IF(COUNTIF($C$2:$C94,$C94)>1,"Trùng SĐT; ","")&IF(ISNA(MATCH($C94,DATA_MASTER!$D$2:$D$5000,0)),"SĐT chưa đăng ký hội viên; ","")&IF(AND($L94="Đã chuyển khoản",$M94=""),"Thiếu ngày nhận CK; ","")) | T94: ĐVVC: [4] Đã giao hàng | Mã VĐ: 27/9/2026 | POD: Shipper riêng
A95: 94 | B95: 26/9/2026 | C95: 0333962703 | D95: =IF($C95="","",IFERROR(INDEX(DATA_MASTER!$C$2:$C$5000,MATCH($C95,DATA_MASTER!$D$2:$D$5000,0)),"Nguyễn Thị Ngọc Xuân")) | E95: =IF($C95="","",IFERROR(INDEX(DATA_MASTER!$I$2:$I$5000,MATCH($C95,DATA_MASTER!$D$2:$D$5000,0)),"")) | F95: =IF($C95="","",IFERROR(INDEX(DATA_MASTER!$L$2:$L$5000,MATCH($C95,DATA_MASTER!$D$2:$D$5000,0)),"ZM")) | G95: Sữa Aptamil 380g | H95: 1 | I95: 320000 | J95: =IF(OR($H95="",$I95=""),"",$H95*$I95) | K95: Chuyển khoản QR | L95: Chờ chuyển khoản | M95: 26/9/2026 | N95: 0333962703 | O95: Nguyễn Thị Ngọc Xuân | P95: 3/184 Thiên Lôi, An Biên, Hải Phòng | Q95: Chờ giao | R95: Ababy | S95: =IF(AND($A95="",$C95=""),"",IF($A95="","Thiếu mã đơn; ","")&IF(COUNTIF($A$2:$A95,$A95)>1,"Trùng mã đơn; ","")&IF(COUNTIF($C$2:$C95,$C95)>1,"Trùng SĐT; ","")&IF(ISNA(MATCH($C95,DATA_MASTER!$D$2:$D$5000,0)),"SĐT chưa đăng ký hội viên; ","")&IF(AND($L95="Đã chuyển khoản",$M95=""),"Thiếu ngày nhận CK; ","")) | T95: ĐVVC: [4] Đã giao hàng | Mã VĐ: 27/9/2026 | POD: Shipper riêng
A96: 95 | B96: 26/9/2026 | C96: 0854567396 | D96: =IF($C96="","",IFERROR(INDEX(DATA_MASTER!$C$2:$C$5000,MATCH($C96,DATA_MASTER!$D$2:$D$5000,0)),"Vũ Thị Thuỳ")) | E96: =IF($C96="","",IFERROR(INDEX(DATA_MASTER!$I$2:$I$5000,MATCH($C96,DATA_MASTER!$D$2:$D$5000,0)),"")) | F96: =IF($C96="","",IFERROR(INDEX(DATA_MASTER!$L$2:$L$5000,MATCH($C96,DATA_MASTER!$D$2:$D$5000,0)),"ZM")) | G96: Sữa Aptamil 380g | H96: 1 | I96: 320000 | J96: =IF(OR($H96="",$I96=""),"",$H96*$I96) | K96: Chuyển khoản QR | L96: Đã chuyển khoản | M96: 26/9/2026 | N96: 0854567396 | O96: Vũ Thị Thuỳ | P96: Tổ 3 Hiệp 2, Yên Tử, Quảng Ninh | Q96: Đã giao | R96: Ababy | S96: =IF(AND($A96="",$C96=""),"",IF($A96="","Thiếu mã đơn; ","")&IF(COUNTIF($A$2:$A96,$A96)>1,"Trùng mã đơn; ","")&IF(COUNTIF($C$2:$C96,$C96)>1,"Trùng SĐT; ","")&IF(ISNA(MATCH($C96,DATA_MASTER!$D$2:$D$5000,0)),"SĐT chưa đăng ký hội viên; ","")&IF(AND($L96="Đã chuyển khoản",$M96=""),"Thiếu ngày nhận CK; ","")) | T96: ĐVVC: [4] Đã giao hàng | Mã VĐ: 28/9/2026 | POD: Viettel Post
A97: 96 | B97: 26/9/2026 | C97: 0379363608 | D97: =IF($C97="","",IFERROR(INDEX(DATA_MASTER!$C$2:$C$5000,MATCH($C97,DATA_MASTER!$D$2:$D$5000,0)),"Ngọc Ánh")) | E97: =IF($C97="","",IFERROR(INDEX(DATA_MASTER!$I$2:$I$5000,MATCH($C97,DATA_MASTER!$D$2:$D$5000,0)),"")) | F97: =IF($C97="","",IFERROR(INDEX(DATA_MASTER!$L$2:$L$5000,MATCH($C97,DATA_MASTER!$D$2:$D$5000,0)),"ZM")) | G97: Sữa Aptamil 380g | H97: 1 | I97: 320000 | J97: =IF(OR($H97="",$I97=""),"",$H97*$I97) | K97: Chuyển khoản QR | L97: Chờ chuyển khoản | M97: 26/9/2026 | N97: 0379363608 | O97: Ngọc Ánh | P97: Tổ Dân Phố, Hoàng Động 3, Thiên Hương, Hải Phòng | Q97: Chờ giao | R97: Ababy | S97: =IF(AND($A97="",$C97=""),"",IF($A97="","Thiếu mã đơn; ","")&IF(COUNTIF($A$2:$A97,$A97)>1,"Trùng mã đơn; ","")&IF(COUNTIF($C$2:$C97,$C97)>1,"Trùng SĐT; ","")&IF(ISNA(MATCH($C97,DATA_MASTER!$D$2:$D$5000,0)),"SĐT chưa đăng ký hội viên; ","")&IF(AND($L97="Đã chuyển khoản",$M97=""),"Thiếu ngày nhận CK; ","")) | T97: ĐVVC: [4] Đã giao hàng | POD: Viettel Post
A98: 97 | B98: 26/9/2026 | C98: 0702260009 | D98: =IF($C98="","",IFERROR(INDEX(DATA_MASTER!$C$2:$C$5000,MATCH($C98,DATA_MASTER!$D$2:$D$5000,0)),"Hạ Diễm")) | E98: =IF($C98="","",IFERROR(INDEX(DATA_MASTER!$I$2:$I$5000,MATCH($C98,DATA_MASTER!$D$2:$D$5000,0)),"")) | F98: =IF($C98="","",IFERROR(INDEX(DATA_MASTER!$L$2:$L$5000,MATCH($C98,DATA_MASTER!$D$2:$D$5000,0)),"ZM")) | G98: Sữa Aptamil 380g | H98: 1 | I98: 320000 | J98: =IF(OR($H98="",$I98=""),"",$H98*$I98) | K98: Chuyển khoản QR | L98: Chờ chuyển khoản | M98: 26/9/2026 | N98: 0702260009 | O98: Hạ Diễm | P98: 8/118 Cát Cụt, phường Hồ Nam, Lê Chân, Hải Phòng | Q98: Chờ giao | R98: Ababy | S98: =IF(AND($A98="",$C98=""),"",IF($A98="","Thiếu mã đơn; ","")&IF(COUNTIF($A$2:$A98,$A98)>1,"Trùng mã đơn; ","")&IF(COUNTIF($C$2:$C98,$C98)>1,"Trùng SĐT; ","")&IF(ISNA(MATCH($C98,DATA_MASTER!$D$2:$D$5000,0)),"SĐT chưa đăng ký hội viên; ","")&IF(AND($L98="Đã chuyển khoản",$M98=""),"Thiếu ngày nhận CK; ","")) | T98: ĐVVC: [4] Đã giao hàng | Mã VĐ: 27/9/2026 | POD: Shipper riêng
A99: 98 | B99: 26/9/2026 | C99: 0338779869 | D99: =IF($C99="","",IFERROR(INDEX(DATA_MASTER!$C$2:$C$5000,MATCH($C99,DATA_MASTER!$D$2:$D$5000,0)),"Cao Thị Dung")) | E99: =IF($C99="","",IFERROR(INDEX(DATA_MASTER!$I$2:$I$5000,MATCH($C99,DATA_MASTER!$D$2:$D$5000,0)),"")) | F99: =IF($C99="","",IFERROR(INDEX(DATA_MASTER!$L$2:$L$5000,MATCH($C99,DATA_MASTER!$D$2:$D$5000,0)),"ZM")) | G99: Sữa Aptamil 380g | H99: 1 | I99: 320000 | J99: =IF(OR($H99="",$I99=""),"",$H99*$I99) | K99: Chuyển khoản QR | L99: Chờ chuyển khoản | M99: 26/9/2026 | N99: 0338779869 | O99: Cao Thị Dung | P99: Nhà số 7, Hoàng Mai, An Hải, Hải Phòng | Q99: Chờ giao | R99: Ababy | S99: =IF(AND($A99="",$C99=""),"",IF($A99="","Thiếu mã đơn; ","")&IF(COUNTIF($A$2:$A99,$A99)>1,"Trùng mã đơn; ","")&IF(COUNTIF($C$2:$C99,$C99)>1,"Trùng SĐT; ","")&IF(ISNA(MATCH($C99,DATA_MASTER!$D$2:$D$5000,0)),"SĐT chưa đăng ký hội viên; ","")&IF(AND($L99="Đã chuyển khoản",$M99=""),"Thiếu ngày nhận CK; ","")) | T99: ĐVVC: [4] Đã giao hàng | Mã VĐ: 26/9/2026 | POD: Shipper riêng
A100: 99 | B100: 26/9/2026 | C100: 0869666236 | D100: =IF($C100="","",IFERROR(INDEX(DATA_MASTER!$C$2:$C$5000,MATCH($C100,DATA_MASTER!$D$2:$D$5000,0)),"Chị Phương")) | E100: =IF($C100="","",IFERROR(INDEX(DATA_MASTER!$I$2:$I$5000,MATCH($C100,DATA_MASTER!$D$2:$D$5000,0)),"")) | F100: =IF($C100="","",IFERROR(INDEX(DATA_MASTER!$L$2:$L$5000,MATCH($C100,DATA_MASTER!$D$2:$D$5000,0)),"ZM")) | G100: Sữa Aptamil 380g | H100: 1 | I100: 320000 | J100: =IF(OR($H100="",$I100=""),"",$H100*$I100) | K100: Chuyển khoản QR | L100: Chờ chuyển khoản | M100: 26/9/2026 | N100: 0869666236 | O100: Chị Phương | P100: 428 Hoàng Minh Thảo, An Viên, Hải Phòng | Q100: Chờ giao | R100: Ababy | S100: =IF(AND($A100="",$C100=""),"",IF($A100="","Thiếu mã đơn; ","")&IF(COUNTIF($A$2:$A100,$A100)>1,"Trùng mã đơn; ","")&IF(COUNTIF($C$2:$C100,$C100)>1,"Trùng SĐT; ","")&IF(ISNA(MATCH($C100,DATA_MASTER!$D$2:$D$5000,0)),"SĐT chưa đăng ký hội viên; ","")&IF(AND($L100="Đã chuyển khoản",$M100=""),"Thiếu ngày nhận CK; ","")) | T100: ĐVVC: [4] Đã giao hàng | Mã VĐ: 26/9/2026 | POD: Shipper riêng
...

Sheet MASTER_SOURCE
A1: Mã REF | B1: Tên nguồn | C1: Loại nguồn | D1: Team | E1: Bệnh viện/Đơn vị | F1: Người phụ trách | G1: Ngày tạo | H1: Trạng thái | I1: Link/QR | J1: Mã trùng? | K1: Số đăng ký | L1: Số hợp lệ | M1: Số đơn đã CK | N1: Ghi chú
A2: C-00 | B2: CĐB - Seeding - Dịu My | C2: Seeding | D2: CDB | E2: Seeding mỗi ngày | F2: Nguyễn Thị Dịu My | G2: 46295 | H2: Active | I2: =IF(A2="","",DANH_MUC!$L$4&"?ref="&A2) | J2: =IF(A2="","",IF(COUNTIF($A$2:$A$495,A2)>1,"TRÙNG","")) | K2: =IF(A2="","",COUNTIF(DATA_MASTER!$I$2:$I$5000,A2)) | L2: =IF(A2="","",COUNTIFS(DATA_MASTER!$I$2:$I$5000,A2,DATA_MASTER!$T$2:$T$5000,"Có")) | M2: =IF(A2="","",COUNTIFS(ORDERS!$E$2:$E$4995,A2,ORDERS!$L$2:$L$4995,"Đã chuyển khoản"))
A3: C-01 | B3: CĐB - Seeding - Thành Hưng | C3: Seeding | D3: CDB | E3: Seeding mỗi ngày | F3: Lê Hoàng Thành Hưng | G3: 46295 | H3: Active | I3: =IF(A3="","",DANH_MUC!$L$4&"?ref="&A3) | J3: =IF(A3="","",IF(COUNTIF($A$2:$A$495,A3)>1,"TRÙNG","")) | K3: =IF(A3="","",COUNTIF(DATA_MASTER!$I$2:$I$5000,A3)) | L3: =IF(A3="","",COUNTIFS(DATA_MASTER!$I$2:$I$5000,A3,DATA_MASTER!$T$2:$T$5000,"Có")) | M3: =IF(A3="","",COUNTIFS(ORDERS!$E$2:$E$4995,A3,ORDERS!$L$2:$L$4995,"Đã chuyển khoản"))
A4: C-02 | B4: CĐB - Seeding - Thùy Vân | C4: Seeding | D4: CDB | E4: Seeding mỗi ngày | F4: Nguyễn Thị Thùy Vân | G4: 46295 | H4: Active | I4: =IF(A4="","",DANH_MUC!$L$4&"?ref="&A4) | J4: =IF(A4="","",IF(COUNTIF($A$2:$A$495,A4)>1,"TRÙNG","")) | K4: =IF(A4="","",COUNTIF(DATA_MASTER!$I$2:$I$5000,A4)) | L4: =IF(A4="","",COUNTIFS(DATA_MASTER!$I$2:$I$5000,A4,DATA_MASTER!$T$2:$T$5000,"Có")) | M4: =IF(A4="","",COUNTIFS(ORDERS!$E$2:$E$4995,A4,ORDERS!$L$2:$L$4995,"Đã chuyển khoản"))
A5: C-03 | B5: CĐB - Seeding - Tuyết Linh | C5: Seeding | D5: CDB | E5: Seeding mỗi ngày | F5: Nguyễn Thị Tuyết Linh | G5: 46295 | H5: Active | I5: =IF(A5="","",DANH_MUC!$L$4&"?ref="&A5) | J5: =IF(A5="","",IF(COUNTIF($A$2:$A$495,A5)>1,"TRÙNG","")) | K5: =IF(A5="","",COUNTIF(DATA_MASTER!$I$2:$I$5000,A5)) | L5: =IF(A5="","",COUNTIFS(DATA_MASTER!$I$2:$I$5000,A5,DATA_MASTER!$T$2:$T$5000,"Có")) | M5: =IF(A5="","",COUNTIFS(ORDERS!$E$2:$E$4995,A5,ORDERS!$L$2:$L$4995,"Đã chuyển khoản"))
A6: C-04 | B6: CĐB - Seeding - Ánh Nguyệt | C6: Seeding | D6: CDB | E6: Seeding mỗi ngày | F6: Đậu Hồ Ánh Nguyệt | G6: 46295 | H6: Active | I6: =IF(A6="","",DANH_MUC!$L$4&"?ref="&A6) | J6: =IF(A6="","",IF(COUNTIF($A$2:$A$495,A6)>1,"TRÙNG","")) | K6: =IF(A6="","",COUNTIF(DATA_MASTER!$I$2:$I$5000,A6)) | L6: =IF(A6="","",COUNTIFS(DATA_MASTER!$I$2:$I$5000,A6,DATA_MASTER!$T$2:$T$5000,"Có")) | M6: =IF(A6="","",COUNTIFS(ORDERS!$E$2:$E$4995,A6,ORDERS!$L$2:$L$4995,"Đã chuyển khoản"))
A7: C-05 | B7: CĐB - Seeding - Diễm Quỳnh | C7: Seeding | D7: CDB | E7: Seeding mỗi ngày | F7: Lê Ngọc Diễm Quỳnh | G7: 46295 | H7: Active | I7: =IF(A7="","",DANH_MUC!$L$4&"?ref="&A7) | J7: =IF(A7="","",IF(COUNTIF($A$2:$A$495,A7)>1,"TRÙNG","")) | K7: =IF(A7="","",COUNTIF(DATA_MASTER!$I$2:$I$5000,A7)) | L7: =IF(A7="","",COUNTIFS(DATA_MASTER!$I$2:$I$5000,A7,DATA_MASTER!$T$2:$T$5000,"Có")) | M7: =IF(A7="","",COUNTIFS(ORDERS!$E$2:$E$4995,A7,ORDERS!$L$2:$L$4995,"Đã chuyển khoản"))
A8: C-06 | B8: CĐB - Seeding - Cẩm Tú | C8: Seeding | D8: CDB | E8: Seeding mỗi ngày | F8: Nguyễn Thị Cẩm Tú | G8: 46295 | H8: Active | I8: =IF(A8="","",DANH_MUC!$L$4&"?ref="&A8) | J8: =IF(A8="","",IF(COUNTIF($A$2:$A$495,A8)>1,"TRÙNG","")) | K8: =IF(A8="","",COUNTIF(DATA_MASTER!$I$2:$I$5000,A8)) | L8: =IF(A8="","",COUNTIFS(DATA_MASTER!$I$2:$I$5000,A8,DATA_MASTER!$T$2:$T$5000,"Có")) | M8: =IF(A8="","",COUNTIFS(ORDERS!$E$2:$E$4995,A8,ORDERS!$L$2:$L$4995,"Đã chuyển khoản"))
A9: C-07 | B9: CĐB - Seeding - Quỳnh Giao | C9: Seeding | D9: CDB | E9: Seeding mỗi ngày | F9: Trần Quỳnh Giao | G9: 46295 | H9: Active | I9: =IF(A9="","",DANH_MUC!$L$4&"?ref="&A9) | J9: =IF(A9="","",IF(COUNTIF($A$2:$A$495,A9)>1,"TRÙNG","")) | K9: =IF(A9="","",COUNTIF(DATA_MASTER!$I$2:$I$5000,A9)) | L9: =IF(A9="","",COUNTIFS(DATA_MASTER!$I$2:$I$5000,A9,DATA_MASTER!$T$2:$T$5000,"Có")) | M9: =IF(A9="","",COUNTIFS(ORDERS!$E$2:$E$4995,A9,ORDERS!$L$2:$L$4995,"Đã chuyển khoản"))
A10: C-08 | B10: CĐB - Seeding - Thuý An | C10: Seeding | D10: CDB | E10: Seeding mỗi ngày | F10: Thuý An | G10: 46295 | H10: Active | I10: =IF(A10="","",DANH_MUC!$L$4&"?ref="&A10) | J10: =IF(A10="","",IF(COUNTIF($A$2:$A$495,A10)>1,"TRÙNG","")) | K10: =IF(A10="","",COUNTIF(DATA_MASTER!$I$2:$I$5000,A10)) | L10: =IF(A10="","",COUNTIFS(DATA_MASTER!$I$2:$I$5000,A10,DATA_MASTER!$T$2:$T$5000,"Có")) | M10: =IF(A10="","",COUNTIFS(ORDERS!$E$2:$E$4995,A10,ORDERS!$L$2:$L$4995,"Đã chuyển khoản"))
A11: C-09 | B11: CĐB - Seeding - Mỹ Vân | C11: Seeding | D11: CDB | E11: Seeding mỗi ngày | F11: Mỹ Vân | G11: 46295 | H11: Active | I11: =IF(A11="","",DANH_MUC!$L$4&"?ref="&A11) | J11: =IF(A11="","",IF(COUNTIF($A$2:$A$495,A11)>1,"TRÙNG","")) | K11: =IF(A11="","",COUNTIF(DATA_MASTER!$I$2:$I$5000,A11)) | L11: =IF(A11="","",COUNTIFS(DATA_MASTER!$I$2:$I$5000,A11,DATA_MASTER!$T$2:$T$5000,"Có")) | M11: =IF(A11="","",COUNTIFS(ORDERS!$E$2:$E$4995,A11,ORDERS!$L$2:$L$4995,"Đã chuyển khoản"))
A12: C-BVHP | B12: CĐB-LTS-Bệnh viện Hạnh Phúc - Hồng | C12: Team | D12: CDB | E12: LTS - Bệnh viện Hạnh Phúc | F12: Lê Thị Hồng | G12: 46295 | H12: Active | I12: =IF(A12="","",DANH_MUC!$L$4&"?ref="&A12) | J12: =IF(A12="","",IF(COUNTIF($A$2:$A$495,A12)>1,"TRÙNG","")) | K12: =IF(A12="","",COUNTIF(DATA_MASTER!$I$2:$I$5000,A12)) | L12: =IF(A12="","",COUNTIFS(DATA_MASTER!$I$2:$I$5000,A12,DATA_MASTER!$T$2:$T$5000,"Có")) | M12: =IF(A12="","",COUNTIFS(ORDERS!$E$2:$E$4995,A12,ORDERS!$L$2:$L$4995,"Đã chuyển khoản"))
A13: C-BVHP01 | B13: CĐB-LTS-Bệnh viện Hạnh Phúc - Khánh Vi | C13: Team | D13: CDB | E13: LTS - Bệnh viện Hạnh Phúc | F13: Nguyễn Khánh Vi | G13: 46296 | H13: Active | I13: =IF(A13="","",DANH_MUC!$L$4&"?ref="&A13) | J13: =IF(A13="","",IF(COUNTIF($A$2:$A$495,A13)>1,"TRÙNG","")) | K13: =IF(A13="","",COUNTIF(DATA_MASTER!$I$2:$I$5000,A13)) | L13: =IF(A13="","",COUNTIFS(DATA_MASTER!$I$2:$I$5000,A13,DATA_MASTER!$T$2:$T$5000,"Có")) | M13: =IF(A13="","",COUNTIFS(ORDERS!$E$2:$E$4995,A13,ORDERS!$L$2:$L$4995,"Đã chuyển khoản"))
... A17: C-SHING | B17: CĐB-LTS-Bệnh viện Shingmark | C17: Team | D17: CDB | E17: Bệnh viện Shingmark | F17: Nguyễn Thị Dịu My | G17: 46295 | H17: Active | I17: =IF(A17="","",DANH_MUC!$L$4&"?ref="&A17) | J17: =IF(A17="","",IF(COUNTIF($A$2:$A$495,A17)>1,"TRÙNG","")) | K17: =IF(A17="","",COUNTIF(DATA_MASTER!$I$2:$I$5000,A17)) | L17: =IF(A17="","",COUNTIFS(DATA_MASTER!$I$2:$I$5000,A17,DATA_MASTER!$T$2:$T$5000,"Có")) | M17: =IF(A17="","",COUNTIFS(ORDERS!$E$2:$E$4995,A17,ORDERS!$L$2:$L$4995,"Đã chuyển khoản"))
A18: C-SL | B18: CĐB - Seeding - Quí Chương | C18: Seeding | D18: CDB | F18: Nguyễn Hoàng Quí Chương | G18: 46295 | H18: Active | I18: =IF(A18="","",DANH_MUC!$L$4&"?ref="&A18) | J18: =IF(A18="","",IF(COUNTIF($A$2:$A$495,A18)>1,"TRÙNG","")) | K18: =IF(A18="","",COUNTIF(DATA_MASTER!$I$2:$I$5000,A18)) | L18: =IF(A18="","",COUNTIFS(DATA_MASTER!$I$2:$I$5000,A18,DATA_MASTER!$T$2:$T$5000,"Có")) | M18: =IF(A18="","",COUNTIFS(ORDERS!$E$2:$E$4995,A18,ORDERS!$L$2:$L$4995,"Đã chuyển khoản"))
A19: NHS-UNKNOWN | B19: Nữ hộ sinh – chưa xác định nguồn | C19: NHS | D19: Chưa xác định | F19: Phát | G19: 46295 | H19: Active | I19: =IF(A19="","",DANH_MUC!$L$4&"?ref="&A19) | J19: =IF(A19="","",IF(COUNTIF($A$2:$A$495,A19)>1,"TRÙNG","")) | K19: =IF(A19="","",COUNTIF(DATA_MASTER!$I$2:$I$5000,A19)) | L19: =IF(A19="","",COUNTIFS(DATA_MASTER!$I$2:$I$5000,A19,DATA_MASTER!$T$2:$T$5000,"Có")) | M19: =IF(A19="","",COUNTIFS(ORDERS!$E$2:$E$4995,A19,ORDERS!$L$2:$L$4995,"Đã chuyển khoản")) | N19: Mã mặc định cho đăng ký không có REF. KHÔNG gán vào NHS cụ thể. Báo cáo tỷ lệ này riêng.
A20: Z-00 | B20: ZM - Seeding online | C20: Seeding | D20: ZM | E20: Seeding mỗi ngày | F20: Huỳnh Kiều Trinh | G20: 46295 | H20: Active | I20: =IF(A20="","",DANH_MUC!$L$4&"?ref="&A20) | J20: =IF(A20="","",IF(COUNTIF($A$2:$A$495,A20)>1,"TRÙNG","")) | K20: =IF(A20="","",COUNTIF(DATA_MASTER!$I$2:$I$5000,A20)) | L20: =IF(A20="","",COUNTIFS(DATA_MASTER!$I$2:$I$5000,A20,DATA_MASTER!$T$2:$T$5000,"Có")) | M20: =IF(A20="","",COUNTIFS(ORDERS!$E$2:$E$4995,A20,ORDERS!$L$2:$L$4995,"Đã chuyển khoản"))
A21: Z-CIH | B21: Event - 1000 ngày Bệnh viện CIH | C21: Event | D21: ZM | E21: Bệnh viện Quốc Tế City | F21: Nguyễn Phương Nhi | G21: 46295 | H21: Active | I21: =IF(A21="","",DANH_MUC!$L$4&"?ref="&A21) | J21: =IF(A21="","",IF(COUNTIF($A$2:$A$495,A21)>1,"TRÙNG","")) | K21: =IF(A21="","",COUNTIF(DATA_MASTER!$I$2:$I$5000,A21)) | L21: =IF(A21="","",COUNTIFS(DATA_MASTER!$I$2:$I$5000,A21,DATA_MASTER!$T$2:$T$5000,"Có")) | M21: =IF(A21="","",COUNTIFS(ORDERS!$E$2:$E$4995,A21,ORDERS!$L$2:$L$4995,"Đã chuyển khoản"))
A22: Z-GREEN | B22: Event - 1000 ngày Bệnh viện Green | C22: Event | D22: ZM | E22: Bệnh viện Đa Khoa Quốc Tế Green | F22: Nguyễn Phương Nhi | G22: 46295 | H22: Active | I22: =IF(A22="","",DANH_MUC!$L$4&"?ref="&A22) | J22: =IF(A22="","",IF(COUNTIF($A$2:$A$495,A22)>1,"TRÙNG","")) | K22: =IF(A22="","",COUNTIF(DATA_MASTER!$I$2:$I$5000,A22)) | L22: =IF(A22="","",COUNTIFS(DATA_MASTER!$I$2:$I$5000,A22,DATA_MASTER!$T$2:$T$5000,"Có")) | M22: =IF(A22="","",COUNTIFS(ORDERS!$E$2:$E$4995,A22,ORDERS!$L$2:$L$4995,"Đã chuyển khoản"))
A23: Z-HMN | B23: Bệnh viện Hạt Mầm Nhỏ | C23: Team | D23: ZM | E23: Bệnh viện Hạt Mầm Nhỏ | F23: Nguyễn Mai Anh | G23: 46295 | H23: Active | I23: =IF(A23="","",DANH_MUC!$L$4&"?ref="&A23) | J23: =IF(A23="","",IF(COUNTIF($A$2:$A$495,A23)>1,"TRÙNG","")) | K23: =IF(A23="","",COUNTIF(DATA_MASTER!$I$2:$I$5000,A23)) | L23: =IF(A23="","",COUNTIFS(DATA_MASTER!$I$2:$I$5000,A23,DATA_MASTER!$T$2:$T$5000,"Có")) | M23: =IF(A23="","",COUNTIFS(ORDERS!$E$2:$E$4995,A23,ORDERS!$L$2:$L$4995,"Đã chuyển khoản"))
A24: Z-KID | B24: Event - KidsPlaza | C24: Event | D24: ZM | F24: Nguyễn Phương Nhi | G24: 46295 | H24: Active | I24: =IF(A24="","",DANH_MUC!$L$4&"?ref="&A24) | J24: =IF(A24="","",IF(COUNTIF($A$2:$A$495,A24)>1,"TRÙNG","")) | K24: =IF(A24="","",COUNTIF(DATA_MASTER!$I$2:$I$5000,A24)) | L24: =IF(A24="","",COUNTIFS(DATA_MASTER!$I$2:$I$5000,A24,DATA_MASTER!$T$2:$T$5000,"Có")) | M24: =IF(A24="","",COUNTIFS(ORDERS!$E$2:$E$4995,A24,ORDERS!$L$2:$L$4995,"Đã chuyển khoản"))
A25: Z-MEDUA | B25: Group mẹ Dứa | C25: Seeding | D25: ZM | F25: Nguyễn Phương Nhi | G25: 46295 | H25: Active | I25: =IF(A25="","",DANH_MUC!$L$4&"?ref="&A25) | J25: =IF(A25="","",IF(COUNTIF($A$2:$A$495,A25)>1,"TRÙNG","")) | K25: =IF(A25="","",COUNTIF(DATA_MASTER!$I$2:$I$5000,A25)) | L25: =IF(A25="","",COUNTIFS(DATA_MASTER!$I$2:$I$5000,A25,DATA_MASTER!$T$2:$T$5000,"Có")) | M25: =IF(A25="","",COUNTIFS(ORDERS!$E$2:$E$4995,A25,ORDERS!$L$2:$L$4995,"Đã chuyển khoản"))
A26: Z-PSAC | B26: Lớp tiền sản - Bệnh viện Phụ Sản Âu Cơ | C26: Team | D26: ZM | E26: Bệnh viện Phụ Sản Âu Cơ | F26: Nguyễn Thị Dịu Mi | G26: 46295 | H26: Active | I26: =IF(A26="","",DANH_MUC!$L$4&"?ref="&A26) | J26: =IF(A26="","",IF(COUNTIF($A$2:$A$495,A26)>1,"TRÙNG","")) | K26: =IF(A26="","",COUNTIF(DATA_MASTER!$I$2:$I$5000,A26)) | L26: =IF(A26="","",COUNTIFS(DATA_MASTER!$I$2:$I$5000,A26,DATA_MASTER!$T$2:$T$5000,"Có")) | M26: =IF(A26="","",COUNTIFS(ORDERS!$E$2:$E$4995,A26,ORDERS!$L$2:$L$4995,"Đã chuyển khoản"))
A27: Z-SAMMY | B27: Spa Sammy Care | C27: Team | D27: ZM | E27: Spa Sammy Care | F27: Nguyễn Mai Anh | G27: 46295 | H27: Active | I27: =IF(A27="","",DANH_MUC!$L$4&"?ref="&A27) | J27: =IF(A27="","",IF(COUNTIF($A$2:$A$495,A27)>1,"TRÙNG","")) | K27: =IF(A27="","",COUNTIF(DATA_MASTER!$I$2:$I$5000,A27)) | L27: =IF(A27="","",COUNTIFS(DATA_MASTER!$I$2:$I$5000,A27,DATA_MASTER!$T$2:$T$5000,"Có")) | M27: =IF(A27="","",COUNTIFS(ORDERS!$E$2:$E$4995,A27,ORDERS!$L$2:$L$4995,"Đã chuyển khoản"))
A28: Z-SHING | B28: Lớp tiền sản - Bệnh viện Shingmark - Kiều Trinh | C28: Team | D28: ZM | E28: Bệnh viện Shingmark | F28: Huỳnh Kiều Trinh | G28: 46295 | H28: Active | I28: =IF(A28="","",DANH_MUC!$L$4&"?ref="&A28) | J28: =IF(A28="","",IF(COUNTIF($A$2:$A$495,A28)>1,"TRÙNG","")) | K28: =IF(A28="","",COUNTIF(DATA_MASTER!$I$2:$I$5000,A28)) | L28: =IF(A28="","",COUNTIFS(DATA_MASTER!$I$2:$I$5000,A28,DATA_MASTER!$T$2:$T$5000,"Có")) | M28: =IF(A28="","",COUNTIFS(ORDERS!$E$2:$E$4995,A28,ORDERS!$L$2:$L$4995,"Đã chuyển khoản"))
A29: Z-SL | B29: Mom đăng ký bán Affiliate | C29: Sales | D29: ZM | F29: Nguyễn Phương Nhi | G29: 46295 | H29: Active | I29: =IF(A29="","",DANH_MUC!$L$4&"?ref="&A29) | J29: =IF(A29="","",IF(COUNTIF($A$2:$A$495,A29)>1,"TRÙNG","")) | K29: =IF(A29="","",COUNTIF(DATA_MASTER!$I$2:$I$5000,A29)) | L29: =IF(A29="","",COUNTIFS(DATA_MASTER!$I$2:$I$5000,A29,DATA_MASTER!$T$2:$T$5000,"Có")) | M29: =IF(A29="","",COUNTIFS(ORDERS!$E$2:$E$4995,A29,ORDERS!$L$2:$L$4995,"Đã chuyển khoản"))
A30: Z-KID1 | B30: Event - KidsPlaza - Phương Kim | C30: Event | D30: ZM | F30: Nguyễn Phương Kim | G30: 46295 | H30: Active | I30: =IF(A30="","",DANH_MUC!$L$4&"?ref="&A30) | J30: =IF(A30="","",IF(COUNTIF($A$2:$A$495,A30)>1,"TRÙNG","")) | K30: =IF(A30="","",COUNTIF(DATA_MASTER!$I$2:$I$5000,A30)) | L30: =IF(A30="","",COUNTIFS(DATA_MASTER!$I$2:$I$5000,A30,DATA_MASTER!$T$2:$T$5000,"Có")) | M30: =IF(A30="","",COUNTIFS(ORDERS!$E$2:$E$4995,A30,ORDERS!$L$2:$L$4995,"Đã chuyển khoản"))
A31: Z-KID2 | B31: Event - KidsPlaza - Hải Yến | C31: Event | D31: ZM | F31: Hoàng Thị Hải Yến | G31: 46295 | H31: Active | I31: =IF(A31="","",DANH_MUC!$L$4&"?ref="&A31) | J31: =IF(A31="","",IF(COUNTIF($A$2:$A$495,A31)>1,"TRÙNG","")) | K31: =IF(A31="","",COUNTIF(DATA_MASTER!$I$2:$I$5000,A31)) | L31: =IF(A31="","",COUNTIFS(DATA_MASTER!$I$2:$I$5000,A31,DATA_MASTER!$T$2:$T$5000,"Có")) | M31: =IF(A31="","",COUNTIFS(ORDERS!$E$2:$E$4995,A31,ORDERS!$L$2:$L$4995,"Đã chuyển khoản"))
A32: Z-KID3 | B32: Event - KidsPlaza - Bảo Trang | C32: Event | D32: ZM | F32: Vương Bảo Trang | G32: 46295 | H32: Active | I32: =IF(A32="","",DANH_MUC!$L$4&"?ref="&A32) | J32: =IF(A32="","",IF(COUNTIF($A$2:$A$495,A32)>1,"TRÙNG","")) | K32: =IF(A32="","",COUNTIF(DATA_MASTER!$I$2:$I$5000,A32)) | L32: =IF(A32="","",COUNTIFS(DATA_MASTER!$I$2:$I$5000,A32,DATA_MASTER!$T$2:$T$5000,"Có")) | M32: =IF(A32="","",COUNTIFS(ORDERS!$E$2:$E$4995,A32,ORDERS!$L$2:$L$4995,"Đã chuyển khoản"))
A33: Z-YHP | B33: Bệnh viện Y Hải Phòng | C33: Team | D33: ZM | G33: 46295 | H33: Active | I33: =IF(A33="","",DANH_MUC!$L$4&"?ref="&A33) | J33: =IF(A33="","",IF(COUNTIF($A$2:$A$495,A33)>1,"TRÙNG","")) | K33: =IF(A33="","",COUNTIF(DATA_MASTER!$I$2:$I$5000,A33)) | L33: =IF(A33="","",COUNTIFS(DATA_MASTER!$I$2:$I$5000,A33,DATA_MASTER!$T$2:$T$5000,"Có")) | M33: =IF(A33="","",COUNTIFS(ORDERS!$E$2:$E$4995,A33,ORDERS!$L$2:$L$4995,"Đã chuyển khoản"))
I34: =IF(A34="","",DANH_MUC!$L$4&"?ref="&A34) | J34: =IF(A34="","",IF(COUNTIF($A$2:$A$495,A34)>1,"TRÙNG","")) | K34: =IF(A34="","",COUNTIF(DATA_MASTER!$I$2:$I$5000,A34)) | L34: =IF(A34="","",COUNTIFS(DATA_MASTER!$I$2:$I$5000,A34,DATA_MASTER!$T$2:$T$5000,"Có")) | M34: =IF(A34="","",COUNTIFS(ORDERS!$E$2:$E$4995,A34,ORDERS!$L$2:$L$4995,"Đã chuyển khoản"))
I35: =IF(A35="","",DANH_MUC!$L$4&"?ref="&A35) | J35: =IF(A35="","",IF(COUNTIF($A$2:$A$495,A35)>1,"TRÙNG","")) | K35: =IF(A35="","",COUNTIF(DATA_MASTER!$I$2:$I$5000,A35)) | L35: =IF(A35="","",COUNTIFS(DATA_MASTER!$I$2:$I$5000,A35,DATA_MASTER!$T$2:$T$5000,"Có")) | M35: =IF(A35="","",COUNTIFS(ORDERS!$E$2:$E$4995,A35,ORDERS!$L$2:$L$4995,"Đã chuyển khoản"))
I36: =IF(A36="","",DANH_MUC!$L$4&"?ref="&A36) | J36: =IF(A36="","",IF(COUNTIF($A$2:$A$495,A36)>1,"TRÙNG","")) | K36: =IF(A36="","",COUNTIF(DATA_MASTER!$I$2:$I$5000,A36)) | L36: =IF(A36="","",COUNTIFS(DATA_MASTER!$I$2:$I$5000,A36,DATA_MASTER!$T$2:$T$5000,"Có")) | M36: =IF(A36="","",COUNTIFS(ORDERS!$E$2:$E$4995,A36,ORDERS!$L$2:$L$4995,"Đã chuyển khoản"))
I37: =IF(A37="","",DANH_MUC!$L$4&"?ref="&A37) | J37: =IF(A37="","",IF(COUNTIF($A$2:$A$495,A37)>1,"TRÙNG","")) | K37: =IF(A37="","",COUNTIF(DATA_MASTER!$I$2:$I$5000,A37)) | L37: =IF(A37="","",COUNTIFS(DATA_MASTER!$I$2:$I$5000,A37,DATA_MASTER!$T$2:$T$5000,"Có")) | M37: =IF(A37="","",COUNTIFS(ORDERS!$E$2:$E$4995,A37,ORDERS!$L$2:$L$4995,"Đã chuyển khoản"))
I38: =IF(A38="","",DANH_MUC!$L$4&"?ref="&A38) | J38: =IF(A38="","",IF(COUNTIF($A$2:$A$495,A38)>1,"TRÙNG","")) | K38: =IF(A38="","",COUNTIF(DATA_MASTER!$I$2:$I$5000,A38)) | L38: =IF(A38="","",COUNTIFS(DATA_MASTER!$I$2:$I$5000,A38,DATA_MASTER!$T$2:$T$5000,"Có")) | M38: =IF(A38="","",COUNTIFS(ORDERS!$E$2:$E$4995,A38,ORDERS!$L$2:$L$4995,"Đã chuyển khoản"))
I39: =IF(A39="","",DANH_MUC!$L$4&"?ref="&A39) | J39: =IF(A39="","",IF(COUNTIF($A$2:$A$495,A39)>1,"TRÙNG","")) | K39: =IF(A39="","",COUNTIF(DATA_MASTER!$I$2:$I$5000,A39)) | L39: =IF(A39="","",COUNTIFS(DATA_MASTER!$I$2:$I$5000,A39,DATA_MASTER!$T$2:$T$5000,"Có")) | M39: =IF(A39="","",COUNTIFS(ORDERS!$E$2:$E$4995,A39,ORDERS!$L$2:$L$4995,"Đã chuyển khoản"))
I40: =IF(A40="","",DANH_MUC!$L$4&"?ref="&A40) | J40: =IF(A40="","",IF(COUNTIF($A$2:$A$495,A40)>1,"TRÙNG","")) | K40: =IF(A40="","",COUNTIF(DATA_MASTER!$I$2:$I$5000,A40)) | L40: =IF(A40="","",COUNTIFS(DATA_MASTER!$I$2:$I$5000,A40,DATA_MASTER!$T$2:$T$5000,"Có")) | M40: =IF(A40="","",COUNTIFS(ORDERS!$E$2:$E$4995,A40,ORDERS!$L$2:$L$4995,"Đã chuyển khoản"))
I41: =IF(A41="","",DANH_MUC!$L$4&"?ref="&A41) | J41: =IF(A41="","",IF(COUNTIF($A$2:$A$495,A41)>1,"TRÙNG","")) | K41: =IF(A41="","",COUNTIF(DATA_MASTER!$I$2:$I$5000,A41)) | L41: =IF(A41="","",COUNTIFS(DATA_MASTER!$I$2:$I$5000,A41,DATA_MASTER!$T$2:$T$5000,"Có")) | M41: =IF(A41="","",COUNTIFS(ORDERS!$E$2:$E$4995,A41,ORDERS!$L$2:$L$4995,"Đã chuyển khoản"))
I42: =IF(A42="","",DANH_MUC!$L$4&"?ref="&A42) | J42: =IF(A42="","",IF(COUNTIF($A$2:$A$495,A42)>1,"TRÙNG","")) | K42: =IF(A42="","",COUNTIF(DATA_MASTER!$I$2:$I$5000,A42)) | L42: =IF(A42="","",COUNTIFS(DATA_MASTER!$I$2:$I$5000,A42,DATA_MASTER!$T$2:$T$5000,"Có")) | M42: =IF(A42="","",COUNTIFS(ORDERS!$E$2:$E$4995,A42,ORDERS!$L$2:$L$4995,"Đã chuyển khoản"))
I43: =IF(A43="","",DANH_MUC!$L$4&"?ref="&A43) | J43: =IF(A43="","",IF(COUNTIF($A$2:$A$495,A43)>1,"TRÙNG","")) | K43: =IF(A43="","",COUNTIF(DATA_MASTER!$I$2:$I$5000,A43)) | L43: =IF(A43="","",COUNTIFS(DATA_MASTER!$I$2:$I$5000,A43,DATA_MASTER!$T$2:$T$5000,"Có")) | M43: =IF(A43="","",COUNTIFS(ORDERS!$E$2:$E$4995,A43,ORDERS!$L$2:$L$4995,"Đã chuyển khoản"))
I44: =IF(A44="","",DANH_MUC!$L$4&"?ref="&A44) | J44: =IF(A44="","",IF(COUNTIF($A$2:$A$495,A44)>1,"TRÙNG","")) | K44: =IF(A44="","",COUNTIF(DATA_MASTER!$I$2:$I$5000,A44)) | L44: =IF(A44="","",COUNTIFS(DATA_MASTER!$I$2:$I$5000,A44,DATA_MASTER!$T$2:$T$5000,"Có")) | M44: =IF(A44="","",COUNTIFS(ORDERS!$E$2:$E$4995,A44,ORDERS!$L$2:$L$4995,"Đã chuyển khoản"))
I45: =IF(A45="","",DANH_MUC!$L$4&"?ref="&A45) | J45: =IF(A45="","",IF(COUNTIF($A$2:$A$495,A45)>1,"TRÙNG","")) | K45: =IF(A45="","",COUNTIF(DATA_MASTER!$I$2:$I$5000,A45)) | L45: =IF(A45="","",COUNTIFS(DATA_MASTER!$I$2:$I$5000,A45,DATA_MASTER!$T$2:$T$5000,"Có")) | M45: =IF(A45="","",COUNTIFS(ORDERS!$E$2:$E$4995,A45,ORDERS!$L$2:$L$4995,"Đã chuyển khoản"))
... I495: =IF(A495="","",DANH_MUC!$L$4&"?ref="&A495) | J495: =IF(A495="","",IF(COUNTIF($A$2:$A$495,A495)>1,"TRÙNG","")) | K495: =IF(A495="","",COUNTIF(DATA_MASTER!$I$2:$I$5000,A495)) | L495: =IF(A495="","",COUNTIFS(DATA_MASTER!$I$2:$I$5000,A495,DATA_MASTER!$T$2:$T$5000,"Có")) | M495: =IF(A495="","",COUNTIFS(ORDERS!$E$2:$E$4995,A495,ORDERS!$L$2:$L$4995,"Đã chuyển khoản"))

Sheet DANH_MUC
A1: Team | B1: Loại nguồn | C1: Trạng thái nguồn | D1: Tình trạng mẹ | E1: Có/Không | F1: Hình thức TT | G1: Trạng thái TT | H1: Trạng thái giao | I1: Tỉnh/Thành phố | K1: CẤU HÌNH | L1: Giá trị
A2: ZM | B2: NHS | C2: Active | D2: Đang mang thai | E2: Có | F2: Chuyển khoản QR | G2: Chờ chuyển khoản | H2: Chờ giao | I2: Hồ Chí Minh | K2: KPI data hợp lệ (Aptamil) | L2: 2517
A3: CDB | B3: Event | C3: Inactive | D3: Đã sinh | E3: Không | F3: COD | G3: Đã chuyển khoản | H3: Đang giao | I3: Hà Nội | K3: KPI user mới / tuần | L3: 210
A4: Chưa xác định | B4: Team | F4: Khác | G4: Hủy | H4: Đã giao | I4: Hải Phòng | K4: Link form gốc (gắn ?ref=) | L4: https://uudaihoivien.z-moms.com/
B5: Khác | H5: Hoàn hàng | I5: Đà Nẵng | K5: Bắt buộc: Đồng ý đăng ký hội viên | L5: Có
B6: Seeding | H6: Hủy | I6: Cần Thơ | K6: Bắt buộc: Đã đọc chính sách Aptamil | L6: Không
B7: Sales | I7: Huế | K7: Bắt buộc: Đồng ý nhận thông báo | L7: Không
I8: An Giang | K8: Bắt buộc: Đồng ý chia sẻ để đăng ký Aptaclub | L8: Có
I9: Bắc Ninh | K9: Data "Chưa xác định" tính là hợp lệ? | L9: Có
I10: Cà Mau
I11: Cao Bằng
I12: Đắk Lắk
I13: Điện Biên
I14: Đồng Nai
I15: Đồng Tháp
I16: Gia Lai
I17: Hà Tĩnh
I18: Hưng Yên
I19: Khánh Hòa
I20: Lai Châu
I21: Lâm Đồng
... I37: Danh sách 34 tỉnh/thành sau sáp nhập 01/07/2025. Ô Tỉnh/TP chỉ cảnh báo (không chặn) để vẫn nhập được tên cũ.
